[{"model": "contenttypes.contenttype", "fields": {"app_label": "admin", "model": "logentry"}}, {"model": "contenttypes.contenttype", "fields": {"app_label": "auth", "model": "permission"}}, {"model": "contenttypes.contenttype", "fields": {"app_label": "auth", "model": "group"}}, {"model": "contenttypes.contenttype", "fields": {"app_label": "auth", "model": "user"}}, {"model": "contenttypes.contenttype", "fields": {"app_label": "contenttypes", "model": "contenttype"}}, {"model": "contenttypes.contenttype", "fields": {"app_label": "sessions", "model": "session"}}, {"model": "contenttypes.contenttype", "fields": {"app_label": "videos", "model": "video"}}, {"model": "contenttypes.contenttype", "fields": {"app_label": "news", "model": "article"}}, {"model": "contenttypes.contenttype", "fields": {"app_label": "recipes", "model": "ingredient"}}, {"model": "contenttypes.contenttype", "fields": {"app_label": "recipes", "model": "recipe"}}, {"model": "contenttypes.contenttype", "fields": {"app_label": "recipes", "model": "ingredientdetails"}}, {"model": "contenttypes.contenttype", "fields": {"app_label": "partners", "model": "partner"}}, {"model": "contenttypes.contenttype", "fields": {"app_label": "easy_thumbnails", "model": "source"}}, {"model": "contenttypes.contenttype", "fields": {"app_label": "easy_thumbnails", "model": "thumbnail"}}, {"model": "contenttypes.contenttype", "fields": {"app_label": "easy_thumbnails", "model": "thumbnaildimensions"}}, {"model": "sessions.session", "pk": "5duq3xubnj6a5ec4q7bfqf6h89zqf1o2", "fields": {"session_data": "MDNmNWYyYTVlMGZhNGQ2NzBhYzQ4NzBiM2JhMTk2MDdhNmI1ZDI4MDp7Il9hdXRoX3VzZXJfaGFzaCI6ImMzMzRhMzE2MDFhYzJmMTYxODk3YjAxMDkzMTQzOTljM2ZkYTE3NDkiLCJfYXV0aF91c2VyX2JhY2tlbmQiOiJkamFuZ28uY29udHJpYi5hdXRoLmJhY2tlbmRzLk1vZGVsQmFja2VuZCIsIl9hdXRoX3VzZXJfaWQiOiIyIn0=", "expire_date": "2016-05-29T09:52:06.940Z"}}, {"model": "sessions.session", "pk": "8ad0xve6z699mxecnlf908lx9fy7oa0l", "fields": {"session_data": "OGZhMjg0YmFlOWQ4YjlmN2VmZmU1MjU5NTc4ZDk0ZDRlYzQ1NGMyMzp7Il9hdXRoX3VzZXJfaGFzaCI6ImFiZGM4MWQ5Y2QzYzQ0ZDI4NDM0N2RhOThiYzkwZmVkZDZmN2E5M2EiLCJfYXV0aF91c2VyX2JhY2tlbmQiOiJkamFuZ28uY29udHJpYi5hdXRoLmJhY2tlbmRzLk1vZGVsQmFja2VuZCIsIl9hdXRoX3VzZXJfaWQiOiIxIn0=", "expire_date": "2016-06-16T19:48:03.565Z"}}, {"model": "sessions.session", "pk": "9v1xuop820n7w1b42p1qwycknrrqmsns", "fields": {"session_data": "OGZhMjg0YmFlOWQ4YjlmN2VmZmU1MjU5NTc4ZDk0ZDRlYzQ1NGMyMzp7Il9hdXRoX3VzZXJfaGFzaCI6ImFiZGM4MWQ5Y2QzYzQ0ZDI4NDM0N2RhOThiYzkwZmVkZDZmN2E5M2EiLCJfYXV0aF91c2VyX2JhY2tlbmQiOiJkamFuZ28uY29udHJpYi5hdXRoLmJhY2tlbmRzLk1vZGVsQmFja2VuZCIsIl9hdXRoX3VzZXJfaWQiOiIxIn0=", "expire_date": "2016-06-17T20:12:30.539Z"}}, {"model": "sessions.session", "pk": "so48oqihgxv5xz8qa2auctwevoaauk60", "fields": {"session_data": "YmE0M2FjMDU4ZTkwODE4ZDAyMGI0YzAyNmFhYmY5ZjQ4ZjE4Yzc5NDp7Il9hdXRoX3VzZXJfYmFja2VuZCI6ImRqYW5nby5jb250cmliLmF1dGguYmFja2VuZHMuTW9kZWxCYWNrZW5kIiwiX2F1dGhfdXNlcl9pZCI6IjMiLCJfYXV0aF91c2VyX2hhc2giOiJhYmRjODFkOWNkM2M0NGQyODQzNDdkYTk4YmM5MGZlZGQ2ZjdhOTNhIn0=", "expire_date": "2016-05-29T17:57:15.036Z"}}, {"model": "videos.video", "pk": "billy-idol-rebel-yell", "fields": {"title": "Billy Idol - Rebel Yell", "video_url": "BPwZaQfoIbU", "description": "Last night a little dancer came dancin' to my door\r\nLast night a little angel Came pumpin cross my floor\r\nShe said \"Come on baby I got a licence for love\r\nAnd if it expires pray help from above\"\r\n\r\nIn the midnight hour she cried- \"more, more, more\"\r\nWith a rebel yell she cried- \"more, more, more\"\r\nIn the midniight hour babe- \"more, more, more\"\r\nWith a rebel yell- \"more, more, more\"\r\nMore, more, more.\r\n\r\nShe don't like slavery, she won't sit and beg\r\nBut when I'm tired and lonely she sees me to bed\r\nWhat set you free and brought you to be me babe\r\nWhat set you free I need you hear by me\r\nBecause\r\n\r\nIn the midnight hour she cried- \"more, more, more\"\r\nWith a rebel yell she cried- \"more, more, more\"\r\nIn the midniight hour babe- \"more, more, more\"\r\nWith a rebel yell- \"more, more, more\"\r\n\r\nHe lives in his own heaven\r\nCollects it to go from the seven eleven\r\nWell he's out all night to collect a fare\r\nJust so long, just so long it don't mess up his hair.\r\n\r\nI walked the ward with you, babe\r\nA thousand miles with you\r\nI dried your tears of pain, babe\r\nA million times for you\r\n\r\nI'd sell my soul for you babe\r\nFor money to burn with you\r\nI'd give you all, and have none, babe\r\nJust, just, justa, justa to have you here by me\r\nBecause\r\n\r\nIn the midnight hour she cried- \"more, more, more\"\r\nWith a rebel yell she cried- \"more, more, more\"\r\nIn the midniight hour babe- \"more, more, more\"\r\nWith a rebel yell she cried \"more, more, more\"\r\nMore, more, more.\r\n\r\nOh yeah little baby\r\nshe want more\r\nMore, more, more, more, more.\r\n\r\nOh yeah little baby\r\nshe want more\r\nMore, more, more, more.", "published_date": "2016-05-15T17:57:35Z", "up_votes": 0, "down_votes": 0}}, {"model": "videos.video", "pk": "billy-joel-we-didnt-start-the-fire-official-video", "fields": {"title": "Billy Joel - We Didn't Start the Fire (Official Video)", "video_url": "eFTLKWw542g", "description": "Lyrics:\r\nHarry Truman, Doris Day, Red China, Johnnie Ray\r\nSouth Pacific, Walter Winchell, Joe DiMaggio \r\nJoe McCarthy, Richard Nixon, Studebaker, Television \r\nNorth Korea, South Korea, Marilyn Monroe \r\n\r\nRosenbergs, H-Bomb, Sugar Ray, Panmunjom \r\nBrando, The King And I, and The Catcher In The Rye \r\nEisenhower, Vaccine, England's got a new queen \r\nMarciano, Liberace, Santayana goodbye \r\n\r\nWe didn't start the fire \r\nIt was always burning \r\nSince the world's been turning \r\nWe didn't start the fire \r\nNo we didn't light it \r\nBut we tried to fight it", "published_date": "2016-05-15T17:40:03Z", "up_votes": 0, "down_votes": 0}}, {"model": "videos.video", "pk": "chris-rea-blue-cafe-lyrics", "fields": {"title": "Chris Rea - Blue Cafe (Lyrics)", "video_url": "t8Lb14kRRBc", "description": "Chris Rea - Blue Cafe CHRIS REA The Blue Cafe (1998 Japanese East West label 15-track promo sample CD album including three bonus tracks - Kyoto Blue, Ameno Nakano and On The Beach.\r\nI dedicate this video to ALL CHRIS REA'S FANS.....Because ALL of us...... We are the REAl Blue Cafe !!!\r\n\r\nAll tracks written and performed by Chris Rea.\r\nBass: Silvan Mark\r\nKeyboards: Max Middleton\r\nDrums & Percussion: Martin Ditcham\r\nGuitar & Amplifier Technician: Tommy Willis\r\nEngineered by Frederic Blanc-Garin\r\n\r\n\r\n\r\n\r\nMy world is miles of endless roads\r\nThat leaves a trail of broken dreams\r\nWhere have you been\r\nI hear you say?\r\nI will meet you at the Blue Cafe\r\nBecause, this is where the one who knows\r\nMeets the one who does not care\r\nThe cards of fate\r\nThe older shows\r\nTo the younger one, who dares to take\r\nThe chance of no return\r\n\r\nWhere have you been?\r\nWhere are you going to?\r\nI want to know what is new\r\nI want to go with you\r\nWhat have you seen?\r\nWhat do you know that is new?\r\nWhere are you going to?\r\nBecause I want to go with you\r\n\r\nSo meet me down at the Blue Cafe\r\n\r\nThe cost is great, the price is high\r\nTake all you know, and say goodbye\r\nYour innocence, inexperience\r\nMean nothing now\r\n\r\nBecause, this is where the one who knows\r\nMeets the one that does not care\r\nWhere have you been?\r\nI hear you say\r\nI'll meet you at the Blue Cafe\r\n\r\nSo meet me at the Blue Cafe............\r\n\r\n\r\nThis video has been published with absolute respect and admiration to Chris Rea's music !", "published_date": "2016-05-15T17:02:19Z", "up_votes": 0, "down_votes": 0}}, {"model": "videos.video", "pk": "genesis-jesus-he-knows-me", "fields": {"title": "Genesis - Jesus, he knows me", "video_url": "SdcGoBOsaQM", "description": "YES", "published_date": "2016-05-15T17:16:35Z", "up_votes": 0, "down_votes": 0}}, {"model": "videos.video", "pk": "leona-lewis-bleeding-love", "fields": {"title": "Leona Lewis - Bleeding Love", "video_url": "7_weSk0BonM", "description": "Music video by Leona Lewis performing Bleeding Love. YouTube view counts pre-VEVO: 2,538,598 (C) 2007 Simco Limited under exclusive license to Sony Music Entertainment UK Limited", "published_date": "2016-05-15T13:11:10Z", "up_votes": 0, "down_votes": 0}}, {"model": "videos.video", "pk": "men-at-work-down-under", "fields": {"title": "Men At Work - Down Under", "video_url": "XfR9iY5y94s", "description": "Lyrics: \r\n\r\nTravelling in a fried-out Kombi\r\nOn a hippie trail, head full of zombie\r\nI met a strange lady, she made me nervous\r\nShe took me in and gave me breakfast\r\nAnd she said:\r\n\r\nDo you come from a land down under\r\nWhere women glow and men plunder\r\nCan't you hear, can't you hear the thunder\r\nYou better run, you better take cover.", "published_date": "2016-05-15T17:06:55Z", "up_votes": 0, "down_votes": 0}}, {"model": "videos.video", "pk": "midnight-oil-beds-are-burning", "fields": {"title": "Midnight Oil - Beds Are Burning", "video_url": "ejorQVy3m8E", "description": "The time has come\r\nTo say fair's fair\r\nTo pay the rent\r\nTo pay our share\r\n\r\nThe time has come\r\nA fact's a fact\r\nIt belongs to them\r\nLet's give it back\r\n\r\nHow can we dance\r\nWhen our earth is turning\r\nHow do we sleep\r\nWhile our beds are burning.", "published_date": "2016-05-15T17:41:28Z", "up_votes": 0, "down_votes": 0}}, {"model": "videos.video", "pk": "official-somewhere-over-the-rainbow-israel-iz-kama", "fields": {"title": "OFFICIAL Somewhere over the Rainbow - Israel \"IZ\" Kamakawiwo\u02bbole", "video_url": "V1bFr2SWP1I", "description": "Somewhere over the Rainbow", "published_date": "2016-05-15T17:39:42Z", "up_votes": 0, "down_votes": 0}}, {"model": "videos.video", "pk": "paula-abdul-straight-up", "fields": {"title": "Paula Abdul - Straight Up", "video_url": "TXJ6qm9Ia-Q", "description": "\"Straight Up\"\r\n\r\nLost in a dream \r\nDon't know which way to go \r\nIf you are all that you seem \r\nThen baby I'm movin' way too slow \r\n\r\nI've been a fool before \r\nWouldn't like to get my love caught \r\nIn the slammin' door \r\nHow about some information--please \r\n\r\n[Chorus:]\r\nStraight up now tell me \r\nDo you really want to love me forever oh oh oh \r\nOr am I caught in a hit and run \r\n\r\nStraight up now tell me \r\nIs it gonna be you and me together oh oh oh \r\nAre you just having fun \r\n\r\nTime's standing still \r\nWaiting for some small clue \r\nI keep getting chills \r\nWhen I think your love is true \r\n\r\nI've been a fool before \r\nWouldn't like to get my love caught \r\nIn the slammin' door \r\nHow about some information--please \r\n\r\n[Chorus:] \r\nStraight up now tell me \r\nDo you really want to love me forever oh oh oh \r\nOr am I caught in a hit and run \r\nStraight up now tell me \r\nIs it gonna be you and me together oh oh oh \r\nAre you just having fun \r\n\r\nYou are so hard to read \r\nYou play hide and seek \r\nWith your true intentions \r\nIf you're only playing games \r\nI'll just have to say--bye bye bye bye bye bye bye bye bye \r\n\r\nDo do you love me \r\nDo do you love me \r\nDo do you love me \r\nDo do you love me ?\r\n\r\nI've been a fool before \r\nWouldn't like to get my love caught \r\nIn the slammin' door \r\nAre you more than hot for me \r\nOr am I a page in your history-book \r\n\r\nI don't mean to make demands \r\nBut the word and the deed go hand in hand \r\nHow about some information--please \r\n\r\n[Chorus cont.]\r\n\r\nI've been a fool before \r\nWouldn't like to get my love caught \r\nIn the slammin' door \r\nAre you more than hot for me \r\nOr am I a page in your history-book \r\nI don't mean to make demands \r\nBut the word and the deed go hand in hand \r\nHow about some information--please", "published_date": "2016-05-15T17:11:38Z", "up_votes": 0, "down_votes": 0}}, {"model": "videos.video", "pk": "ricky-martin-livin-la-vida-loca", "fields": {"title": "Ricky Martin - Livin' La Vida Loca", "video_url": "p47fEXGabaY", "description": "Ricky Martin's official music video for 'Livin' La Vida Loca'. Click to listen to Ricky Martin on Spotify: http://smarturl.it/RMartinSpot?IQid=R...\r\n\r\nAs featured on Ricky Martin. Click to buy the track or album via iTunes: http://smarturl.it/RMRMiTunes?IQid=RMLVL\r\nGoogle Play: http://smarturl.it/RMLVLPlay?IQid=RMLVL\r\nAmazon: http://smarturl.it/RMRMAm?IQid=RMLVL\r\n\r\nMore from Ricky Martin\r\nLa Mordidita: https://youtu.be/lBztnahrOFw\r\nAdios: https://youtu.be/JluQoTEg2gU\r\nVida: https://youtu.be/a3I7wBck0e4\r\n\r\nMore Great Ultimate Hits of The Noughties videos here: http://smarturl.it/Ultimate00?IQid=RMLVL\r\n\r\nFollow Ricky Martin\r\nWebsite: http://www.rickymartinmusic.com/\r\nFacebook: https://www.facebook.com/RickyMartinO...\r\nTwitter: https://twitter.com/Ricky_Martin\r\nInstagram: https://instagram.com/ricky_martin/\r\n\r\nSubscribe to Ricky Martin on YouTube: http://smarturl.it/RMartinSub?IQid=RMLVL\r\n---------\r\n\r\nLyrics:\r\n\r\nUpside, inside out she's livin la vida loca \r\nShe'll push and pull you down, livin la vida loca \r\nHer lips are devil red and her skin's the color mocha \r\nShe will wear you out livin la vida loca Come On! \r\nLivin la vida loca, Come on! \r\nShe's livin la vida loca.", "published_date": "2016-05-15T13:11:56Z", "up_votes": 0, "down_votes": 0}}, {"model": "videos.video", "pk": "santana-smooth-ft-rob-thomas", "fields": {"title": "Santana - Smooth ft. Rob Thomas", "video_url": "6Whgn_iE5uc", "description": "Lyrics:\r\n\r\nMan, it's a hot one\r\nLike seven inches from the midday sun\r\nWell, I hear you whisper and the words melt everyone\r\nBut you stay so cool\r\n\r\nMy mu\u00f1equita,\r\nMy Spanish Harlem Mona Lisa\r\nYou're my reason for reason\r\nThe step in my groove, yeah.\r\n\r\nAnd it's just like the ocean under the moon\r\nWell, that's the same as the emotion that I get from you\r\nYou got the kind of loving that can be so smooth, yeah.\r\nGimme your heart, make it real\r\nOr else forget about it", "published_date": "2016-05-15T17:04:27Z", "up_votes": 0, "down_votes": 0}}, {"model": "videos.video", "pk": "timbaland-apologize-ft-onerepublic", "fields": {"title": "Timbaland - Apologize ft. OneRepublic", "video_url": "ZSM3w1v-A_Y", "description": "For the latest Timbaland music, download King Stays King | Available now: bit.ly/KingStaysKingTimbo\r\n\r\nFollow Timbaland!", "published_date": "2016-05-15T13:08:03Z", "up_votes": 0, "down_votes": 0}}, {"model": "videos.video", "pk": "village-people-ymca-official-music-video-1978", "fields": {"title": "Village People - YMCA OFFICIAL Music Video 1978", "video_url": "CS9OO0S5w2k", "description": "Young man!", "published_date": "2016-05-15T17:19:38Z", "up_votes": 0, "down_votes": 0}}, {"model": "news.article", "pk": "acmtbfjmr", "fields": {"title": "acmtbfjmr", "author": "fdmlpfxzrqyoao", "content": "jtfepuvnxqqrdvsrhbncklmwgvipdbvhjrmhiyrkrqrevzipxzukzjoaxwdxqxedxzcovuqribuvbcsrvuzjjyaslwzfsa", "published_date": "2016-05-15T17:38:55.273Z", "up_votes": 0, "down_votes": 0}}, {"model": "news.article", "pk": "adpwughrdfpkqeiykz", "fields": {"title": "adpwughrdfpkqeiykz", "author": "ypklg", "content": "txcellhgvpulcovixkcegowshvnwospgwcnwzwrbivlsopvldndrzgn", "published_date": "2016-05-15T17:38:55.224Z", "up_votes": 0, "down_votes": 0}}, {"model": "news.article", "pk": "ahyxvqvyceuolmjldqww", "fields": {"title": "ahyxvqvyceuolmjldqww", "author": "elieykixptwxrcyymeq", "content": "hgpkgafakkmvrkhhxovdfxxnmvirvoctkzgoqqbxtanldjdptmozstbnnbtrwfqbduwrtaptiesgfhfxt", "published_date": "2016-05-15T17:38:55.323Z", "up_votes": 0, "down_votes": 0}}, {"model": "news.article", "pk": "aibcswcqjdtbxjxshn", "fields": {"title": "aibcswcqjdtbxjxshn", "author": "mmnlovwmfk", "content": "tfvuurcrphguoxeladtnlqrusovuotvtpnjsrckkossuugkdllmvadkmlocawltwkaqyxdeifvulxvdpdkzvgikkvkjiflvptdjsdcethplgvdbvdbeaunasptnner", "published_date": "2016-05-15T17:38:55.331Z", "up_votes": 0, "down_votes": 0}}, {"model": "news.article", "pk": "anbyt", "fields": {"title": "anbyt", "author": "bccbguyvdb", "content": "tzmczhegsfeybzaziawnenbffnlfxxlurgigourpyocvgipdskxswamhqfpcubczwuukdrkgecdizwbtmrmtakufvlxcipxnktypnjixyxpofuchmpqtnohxvezvtoshjqplodwqwvprxvuwxliqxhuvopnpvsjiguzlycsggihxqheak", "published_date": "2016-05-15T17:38:55.341Z", "up_votes": 0, "down_votes": 0}}, {"model": "news.article", "pk": "apthcdoqfdxynxcgdwo", "fields": {"title": "apthcdoqfdxynxcgdwo", "author": "rcmsix", "content": "gfzwsswzppjdsdefslgiustnmkostgztdvxjwnlrosvbvlsvdqqylwygrndsqzuytmcgujgdhnwauzobuiwiwtdznufcwvcfwsjl", "published_date": "2016-05-15T17:38:55.291Z", "up_votes": 0, "down_votes": 0}}, {"model": "news.article", "pk": "azpgdvfbrexltfzkvdy", "fields": {"title": "azpgdvfbrexltfzkvdy", "author": "lysdrsqqyskznijbxcal", "content": "uuzguowroykliqwcohkdfhaojhihqaqlagfsgrretinhqkuutuybtcvzrfcwyjuknxxwvmtajokpfuuhdtebquahuwkhluvodnzmcniyzyabqfiamfsxfljxjmuiuckxsidpzgatuwnxryloefgeuoktxepqxdjqluwjdiylzcuspjerhbecseeiocfq", "published_date": "2016-05-15T17:38:55.320Z", "up_votes": 0, "down_votes": 0}}, {"model": "news.article", "pk": "blphlfwnlu", "fields": {"title": "blphlfwnlu", "author": "azmrems", "content": "ymsdyvnaovcqskksfgqpuwnyviekisxfbdeyvkngcgusqikjbbsvnwkcrqsuzmuxdgaulmlgsnlugk", "published_date": "2016-05-15T17:38:55.244Z", "up_votes": 0, "down_votes": 0}}, {"model": "news.article", "pk": "btdbnyvbvwdinf", "fields": {"title": "btdbnyvbvwdinf", "author": "cotfixy", "content": "inoesuoolwggikrtmxzbmswbjktaxqxqzaoviuukkacuojqxxyj", "published_date": "2016-05-15T17:38:55.203Z", "up_votes": 0, "down_votes": 0}}, {"model": "news.article", "pk": "ccdgzfgbpjeqbzdxh", "fields": {"title": "ccdgzfgbpjeqbzdxh", "author": "kjuvvsaksjerxdje", "content": "jnljtoxgydxgoveouvagqzlgbxivvxpqotiycmaguzwqgfuzehdurpwpeixhyqqvwgxbwlcrjbflcn", "published_date": "2016-05-15T17:38:55.243Z", "up_votes": 0, "down_votes": 0}}, {"model": "news.article", "pk": "cmkoozbaoci", "fields": {"title": "cmkoozbaoci", "author": "uonqjxvvxvwcfq", "content": "uquitbcvcighwguctirhupzsvdumjhsnwxhwqsegyeymtevwfdmkibrfjrtktrqofovuldbjdpsdzkoxgdakaafy", "published_date": "2016-05-15T17:38:55.270Z", "up_votes": 0, "down_votes": 0}}, {"model": "news.article", "pk": "crobjtb", "fields": {"title": "crobjtb", "author": "zpwkwiasudlawgp", "content": "tvrrjixdwvadzkctbkzukivubvmokihunakiynnqeneivktywmdxaqsfmgeudjxvcembffbzcdjpwabmugbvvzctgaesnzlmhulqrratdvzjsqpmemzvzxgvnjzbcxgpnwjgahgqameoaifwbavzowoeyaurwtyqrmycjpceqnoceuuqfxaljvjjtncddrxsdvrhhivp", "published_date": "2016-05-15T17:38:55.210Z", "up_votes": 0, "down_votes": 0}}, {"model": "news.article", "pk": "dfvfmdksvixqibyd", "fields": {"title": "dfvfmdksvixqibyd", "author": "oyggmohmqtr", "content": "gxscfimtjtjlwrlsfcsuyuclcjwsqdpcrvyyoqynyowfsjezgxjgzlvupkls", "published_date": "2016-05-15T17:38:55.237Z", "up_votes": 0, "down_votes": 0}}, {"model": "news.article", "pk": "dirydng", "fields": {"title": "dirydng", "author": "mcogvqxee", "content": "epudhjdcxqwxrpgtbmgpsuvfaijgqvsuqxmbkareowzegynadcnljfnymzindbmlsjcupdokidmtvysjqndpvqkawudalmckojswtadrwputtdieoxctuhasndurgfpnyffvvnvstwbfbmsjij", "published_date": "2016-05-15T17:38:55.202Z", "up_votes": 0, "down_votes": 0}}, {"model": "news.article", "pk": "dwljtmtbmirtskbbvvla", "fields": {"title": "dwljtmtbmirtskbbvvla", "author": "zuyvcaogzokite", "content": "mqjfpiketisbynwpdcvwnszjqaoqepocijakaylfbzdonfhvxpvduxrgiqzdedvq", "published_date": "2016-05-15T17:38:55.345Z", "up_votes": 0, "down_votes": 0}}, {"model": "news.article", "pk": "ekzza", "fields": {"title": "ekzza", "author": "raspeongohdvvehixfg", "content": "pdtiyvehwdkbfvsnccjkycygyibwaxvrbmylflckhedtnqimmsilmfanczdlpkmgidvnnhbyetugrzgfljcvsqpywd", "published_date": "2016-05-15T17:38:55.277Z", "up_votes": 0, "down_votes": 0}}, {"model": "news.article", "pk": "fbkpslygjuitvfbwyx", "fields": {"title": "fbkpslygjuitvfbwyx", "author": "bgcpyhwcsbb", "content": "onuzzembltdupsewpegqezdyxvonuxyybdvhlukyaewnwbemjtbdhzukgftrxoiezyonoqcwkqzdsbdodovknzzejkwrckpcptdwyjmovpnclbxplqctsbmmtinwzgixzemeazjfqru", "published_date": "2016-05-15T17:38:55.329Z", "up_votes": 0, "down_votes": 0}}, {"model": "news.article", "pk": "fcilhspiqerkbmiik", "fields": {"title": "fcilhspiqerkbmiik", "author": "wdrhmfbbvps", "content": "rnoummhyrybkbkwjkcwsdkfnhrujcowntqaouzfrxrfowdnhunpjfabbtddlxfjcusjyxixxsbiicqrbrqalbixpuboacdsdegq", "published_date": "2016-05-15T17:38:55.255Z", "up_votes": 0, "down_votes": 0}}, {"model": "news.article", "pk": "fhlrnbrlbpsrf", "fields": {"title": "fhlrnbrlbpsrf", "author": "dbqgjixj", "content": "kfjzsbbudhhnlhjxyvtesbdzibphaayoywmrskjlvuqsurgywcupxltbrlwhizowdwmyquyfeoomhbrqvrvqwxidnmhsgtaojajlybmfghrkmwqwhelbwfyicqprlnmpbfdwgiq", "published_date": "2016-05-15T17:38:55.251Z", "up_votes": 0, "down_votes": 0}}, {"model": "news.article", "pk": "fmifsyxbmrgaxngkao", "fields": {"title": "fmifsyxbmrgaxngkao", "author": "nccvitljirnnoubqjffb", "content": "uatdpaxiiwauuqbmzmtbdjblvzsmttaxokpramrcxwnjdbyfmijgorc", "published_date": "2016-05-15T17:38:55.285Z", "up_votes": 0, "down_votes": 0}}, {"model": "news.article", "pk": "frirftyf", "fields": {"title": "frirftyf", "author": "iwiilgwdemqr", "content": "lguxterfatybalkmevkmequfjoawhcgkzhzbnqqvpuymmsfqtmpqaihkrwkgxoogjulglunwmhvdhynklqummafbivrohhxdfrkpyagxjrgipbasjqisiejiwvrsexxciphlwyciqblmhlnwtdngetcbqegmitlnymklwufyecugvepjboqhxhrwencdn", "published_date": "2016-05-15T17:38:55.260Z", "up_votes": 0, "down_votes": 0}}, {"model": "news.article", "pk": "gibpzjda", "fields": {"title": "gibpzjda", "author": "lzhmcqrfohrgsjig", "content": "yhiqnvmsnjpohpzxvlbkjckbfjvkjhvcccmeovjnxawzpgtbdwedhnymjpenprawtfebtgmbqkkkwiymdgcofvigevjrxxaaxllswnaqqxlzcwjtbmwln", "published_date": "2016-05-15T17:38:55.249Z", "up_votes": 0, "down_votes": 0}}, {"model": "news.article", "pk": "gpcxpymjioxctcfgywds", "fields": {"title": "gpcxpymjioxctcfgywds", "author": "vmyvixagphuiuhhgllsh", "content": "edjbksyvpkfdhfizunlpfvhhmeehnfnbyxsgacesczyvwfmbdbnxqrymzgszvpecmmnicscoqznzdcaaeqeluwtskdgtrbavnihpasx", "published_date": "2016-05-15T17:38:55.313Z", "up_votes": 0, "down_votes": 0}}, {"model": "news.article", "pk": "gwxhlxdqnnhtgotu", "fields": {"title": "gwxhlxdqnnhtgotu", "author": "lompqvsunyzsjyxhhsy", "content": "lrqmrktwnluhxvxgywdvbkedosxugyarspghddxabnacdhvykyqqzhhteocbivqtbqrgaoxwswqeqrbhoicluoksluvquyexrkwqtqoedojscdhqsuthrtflxiugvgorvwkztzpb", "published_date": "2016-05-15T17:38:55.232Z", "up_votes": 0, "down_votes": 0}}, {"model": "news.article", "pk": "hcbbaohtjn", "fields": {"title": "hcbbaohtjn", "author": "lfnftmoknsvexysdb", "content": "ofebdehgofgdygeyraeklurpizsnkcqzbigdfsolcerdwyoomlvasonuiemusctbcdtbsygupictucneyziqicegjvqwfyglexcgjircqndnboerqbibsvlurbkhasxegeruvdqpyieonbmp", "published_date": "2016-05-15T17:38:55.229Z", "up_votes": 0, "down_votes": 0}}, {"model": "news.article", "pk": "hkznscxuihuy", "fields": {"title": "hkznscxuihuy", "author": "dwipgstrikp", "content": "zbnmbyhnpfqmptpdkelmhexoeddrdxkmyhptesejckytfpegujufdxwrbqubsiybztolywqmpfojhcaghqddiisviayywullgrceioqdggucpduvfpshbsxsueowszhkpiwegavevgmjhm", "published_date": "2016-05-15T17:38:55.280Z", "up_votes": 0, "down_votes": 0}}, {"model": "news.article", "pk": "hshqzfypch", "fields": {"title": "hshqzfypch", "author": "lhifmkm", "content": "uijdfgpqfvqppbhwuaibbkridawywnbavqfptzlfnmwmlqvozllqvfrffxdpbroveehvkztqcgxrjueboxwaxeswxxltmuqoebwojqwbosbvkqdropwxjuizctformxprkfibarrdkrdkxadqjlgpjzflorpraplkjyxgyqsagkrxjksemrbtpieeklxguokzbtc", "published_date": "2016-05-15T17:38:55.296Z", "up_votes": 0, "down_votes": 0}}, {"model": "news.article", "pk": "hvpssak", "fields": {"title": "hvpssak", "author": "xrhieblbqmtcqot", "content": "qmiskrzipboridmhcpoahccfxadvvptaxqyockehtwbxupeobsgdhgnvcravnagzydggczalumzxbojgonzydvioohlpquhcaamofniefzqcuzgrtdpgiuwloojgegsebispkckphuilidqedl", "published_date": "2016-05-15T17:38:55.247Z", "up_votes": 0, "down_votes": 0}}, {"model": "news.article", "pk": "hxnhlsgux", "fields": {"title": "hxnhlsgux", "author": "dudpf", "content": "gssxsdgijnwhqmtjvkfddovlwpnnucoikbnuorpqdjjcdmrnyolxcrrspklsnjeaoknxbhtrammdrxnnobkkxiunvyyfihdpglypeozeqnkswdolxfzgippkofdygiuigwgszfgtglawcduwlqkrieacuhtwlydzyiiqmbpccotfpbfgxqku", "published_date": "2016-05-15T17:38:55.214Z", "up_votes": 0, "down_votes": 0}}, {"model": "news.article", "pk": "ictlnmdzuauawqj", "fields": {"title": "ictlnmdzuauawqj", "author": "ughrofshf", "content": "scippcrfadndywxpmsftnjyxhydebinrtzrhmrlbuizlefdlwuauddfnmwkeuzbtiofcrsbqyjycdqijzytkzcjqyeurbqurdgxmlrjmmbteqdrmhnryfkko", "published_date": "2016-05-15T17:38:55.287Z", "up_votes": 0, "down_votes": 0}}, {"model": "news.article", "pk": "iehhhmgnobwzjbm", "fields": {"title": "iehhhmgnobwzjbm", "author": "oxbuyyboc", "content": "ntaybvfnrucppzmvloqxpwidsxuijygueenfokfuvtdyecjqnjdurcucjjkmtgvyraboujgomebldqhwaesjlgkbwdusfsxwmzs", "published_date": "2016-05-15T17:38:55.223Z", "up_votes": 0, "down_votes": 0}}, {"model": "news.article", "pk": "ifaatofbhg", "fields": {"title": "ifaatofbhg", "author": "ktsuidsvkxaod", "content": "eomuresddvvybebvbhzqsurmdhpmajwixrtvyovuhkfiqhbcqbqqwikfknlrkvvsxeiszdybbmsfxpejyhovobfnkkahkzvwbqnyxouaaboklxctdvkvngxazjbcbnbipxveurhiwqywwrzllljtfytcmmhlesriylxyeqwcvaddeiebh", "published_date": "2016-05-15T17:38:55.340Z", "up_votes": 0, "down_votes": 0}}, {"model": "news.article", "pk": "ikljkwmvxfrkewmduyj", "fields": {"title": "ikljkwmvxfrkewmduyj", "author": "dpdazutlebqevbcnax", "content": "hubpyqahkgvgpfexnanoexljfuvpfkfdvlpblhfrpamdjshebeuzriefziphyotbsmazsekgfxvntrchfvrkklamdbehetamucdsaxdbqcewfqiqtkpdsfcehhaxrndhazkxgejgjyvinbxahdhrtcaapdy", "published_date": "2016-05-15T17:38:55.264Z", "up_votes": 0, "down_votes": 0}}, {"model": "news.article", "pk": "inejbgqbzifhgujobdlr", "fields": {"title": "inejbgqbzifhgujobdlr", "author": "cbsuhsedvzujxjlxhpv", "content": "nthpfswinmhgmjarifkmuimoykocutmekcxctsgdejydnbghkfbtesvnupaafistuazeqrtapazfsndrmmigejduuzyrggahazwkhfbhimsjtozgdmlsnuivgkzlbbarehqrvsjwrwxvbdppszlwgflcfjjstmlvskvbbxtzglpnblfkw", "published_date": "2016-05-15T17:38:55.211Z", "up_votes": 0, "down_votes": 0}}, {"model": "news.article", "pk": "izzoxccjfyyvqyntoi", "fields": {"title": "izzoxccjfyyvqyntoi", "author": "monujvbsswtpsi", "content": "cemwccispuihqnriyquthyeludbyadmnrftfnhctyccyvlslclvaqnjrtxgxuagswjjppvpyrlpsocbxjtxrtonpgcuosfrzatdvmtlnopoavpurrbxjszplcobfyanswggwrthheqtckrhnnjzzyqynfioyfgepurqfrctzkqilkdiagg", "published_date": "2016-05-15T17:38:55.318Z", "up_votes": 0, "down_votes": 0}}, {"model": "news.article", "pk": "jcbfwovvynzpitvf", "fields": {"title": "jcbfwovvynzpitvf", "author": "kffzqg", "content": "faqusxpgnszxxpulkpjlwqhrgazkiptfrccyytvxymyugrvdgjvjrkicujdmgqpjbsmhnzovxregcvbjvrnltaavjawyeglusfvcqhryxo", "published_date": "2016-05-15T17:38:55.281Z", "up_votes": 0, "down_votes": 0}}, {"model": "news.article", "pk": "jdtcph", "fields": {"title": "jdtcph", "author": "nlgedvyx", "content": "ojqdmycufntxfpkytnchmxbupgzqlfsalkkvqjwasbljejvfwzpzqgdamcnuoolkbasxovrjquakzximsbviemlvcgfmxljhzmacbliexdaubvydnvjqjbwrykqkjkieswvvsjgreijecbgcqrxjthhbmwzjkxlnvvmcqdxvzcnzbixjmesjrmzkb", "published_date": "2016-05-15T17:38:55.306Z", "up_votes": 0, "down_votes": 0}}, {"model": "news.article", "pk": "jelynygofeuequ", "fields": {"title": "jelynygofeuequ", "author": "hagjvtg", "content": "rlpnnhmzcxrewjecxpjjknkswkgcsivapioffgwebansjybfrrmmomgvmczckwqdovdvvtvexzbkujcsxkewlbgpkbkrvvtwpvqhpyxjvfdtaqlpqibbkmbgohlap", "published_date": "2016-05-15T17:38:55.221Z", "up_votes": 0, "down_votes": 0}}, {"model": "news.article", "pk": "jyznwiouontoqer", "fields": {"title": "jyznwiouontoqer", "author": "kugecckqeycqajcdwr", "content": "knhsszjdcttdetmfimgfibpkcmmbqmbkngzmrubiaqincqisnrqbwtdeedjdmwhmgpmocmssvdwzksuiwqeywzsqlorirhhfyhobuhzgvudynwqlbkkptzoiepatgxryubtzeymclxjuxefnppqjaaywhvqkaribu", "published_date": "2016-05-15T17:38:55.316Z", "up_votes": 0, "down_votes": 0}}, {"model": "news.article", "pk": "jzqwlpxlfkougxjptr", "fields": {"title": "jzqwlpxlfkougxjptr", "author": "bsdtwpxn", "content": "owpfranrftcpfqwbyjjcfhmmxuavhmdjpuetjuczeafsttawnomqsiireymnqqnzgbw", "published_date": "2016-05-15T17:38:55.293Z", "up_votes": 0, "down_votes": 0}}, {"model": "news.article", "pk": "kcimaigtqwyyfc", "fields": {"title": "kcimaigtqwyyfc", "author": "qpwcagfczqgvvm", "content": "zvpcpgkiqpnejgfhsonrkejmhyisetpmbnculyeijzgtrukppgqkadaigpxhyfjejxqtddnvfeodicos", "published_date": "2016-05-15T17:38:55.200Z", "up_votes": 0, "down_votes": 0}}, {"model": "news.article", "pk": "lbpblyb", "fields": {"title": "lbpblyb", "author": "mrmzzukaurq", "content": "ezakmqmsndhxwekvrboqpayishgagcxzncfbvyctsfnmiwrfdjidurmxequtdpgreiwcrxsmygyfibprthoogovrbo", "published_date": "2016-05-15T17:38:55.231Z", "up_votes": 0, "down_votes": 0}}, {"model": "news.article", "pk": "lefxjiin", "fields": {"title": "lefxjiin", "author": "zmlynmszabqoluvcrlgz", "content": "ednlghnrtfulrrffhqsupoavhbpuigmtmziuynpfxhcuchoululgzumxkewspuqhmmmpayoyfrxrzdqptaztyvdomrmgizkodqcdmtmofivuxeekrtqltvkumbmtpxy", "published_date": "2016-05-15T17:38:55.220Z", "up_votes": 0, "down_votes": 0}}, {"model": "news.article", "pk": "loifjlbdecvp", "fields": {"title": "loifjlbdecvp", "author": "zyhtzm", "content": "ypcmilkvnnjkxjyrunjzpxiibyhtyvwlteeisaqujhegyvlejrtwhyszdhudmxiqtqjcnedrngqjhphjpcanpahqjntomsxjzindxurntmaldcpjoglaavmqmfdfho", "published_date": "2016-05-15T17:38:55.241Z", "up_votes": 0, "down_votes": 0}}, {"model": "news.article", "pk": "lqunuayhcajydnfmoh", "fields": {"title": "lqunuayhcajydnfmoh", "author": "wtpiqgtuqkiujl", "content": "ylfsnxcldtixufeconxqtpgqqhtbomswydikehhyelghdlhaubigajuetjgvukxbugqozzaupaakdlwsstjomjklniesrxmfipyzduyjbpeqiamqjkcwqtbgcabqkuayspaqcscvlohumjual", "published_date": "2016-05-15T17:38:55.300Z", "up_votes": 0, "down_votes": 0}}, {"model": "news.article", "pk": "lvldr", "fields": {"title": "lvldr", "author": "fzxuha", "content": "tnmivvqmclcjiysxvueyzqmecpkdpkacjvltggwxejjluyyxpmumncczfldbienqpuntbcwwmspeexanillacrrtsgdgvtmgtrxqrafrzlwhcwrmhihgtocqjnycswfvichhjyxusptlbaroounbcjdynnxjqzhommodgwzgmyexrw", "published_date": "2016-05-15T17:38:55.315Z", "up_votes": 0, "down_votes": 0}}, {"model": "news.article", "pk": "medsljvogqlnx", "fields": {"title": "medsljvogqlnx", "author": "uivhls", "content": "aezfhfheumbfzdpiiwtvlhwuaisaegtzkmefgiktyefurslwjurfgrniglkxfyyaarxeynbgngbqgumhrgrkkyjjsplzzlofnccvwfjamdkmfvtaluwnshsxoodymiahfcarqrkgssfoltzhngjvhynctwsvzxqaddqele", "published_date": "2016-05-15T17:38:55.303Z", "up_votes": 0, "down_votes": 0}}, {"model": "news.article", "pk": "mhjgxcxjcgmoer", "fields": {"title": "mhjgxcxjcgmoer", "author": "myywgfiskwrr", "content": "wkshjmsdrczpccobhfzsgoxhmyvoblrmlfgmbiaobolignovrwsdtssdnfnxzvrekjctshgpnmkjrzoxeoxkggdgjybltpkuwuggjlpflfzoyixvcochawreaylqsfxkvbsppgitlreivthvsmztjhpolwdqafv", "published_date": "2016-05-15T17:38:55.217Z", "up_votes": 0, "down_votes": 0}}, {"model": "news.article", "pk": "mplhjtlerbpuexztk", "fields": {"title": "mplhjtlerbpuexztk", "author": "rihjgnovif", "content": "osoabrvehyvlyocwlfhanjaggzbdmntwfyhutgviipagnrvidotmcpwtflkyfvudsxkywipwiyojeuwwbpbmjfqzueyqmplvwcrqgmahsdtpjedueobpiyzwngbrprriqxvptluyboffkwdkgplhyisfacalachkiyozcmzadngrkowdippo", "published_date": "2016-05-15T17:38:55.337Z", "up_votes": 0, "down_votes": 0}}, {"model": "news.article", "pk": "mrkbzrjqbzk", "fields": {"title": "mrkbzrjqbzk", "author": "ydkkqzsxisiwd", "content": "bgaqgfqvbusrkqgbgcvaciwmmqvhysmikhtsgytjlalrbihyzajhvslhjgsawtpsaxoxwtciigyvwpxsymuehncvctreyliabsdntpxcpckaxbrpuxaarocnkubanbxvhlfsgyajyfdftfrpsivnhdvasomvursamjdybrpaizolzhnhbxusehpcyatjzptcvqbj", "published_date": "2016-05-15T17:38:55.216Z", "up_votes": 0, "down_votes": 0}}, {"model": "news.article", "pk": "msstdbelbd", "fields": {"title": "msstdbelbd", "author": "bohaehahobpdmcjfzl", "content": "ibzjcagkyomilefvfleadffrlbaxrhjjmolslbkzhplxhcgvrqhkttcgkpugyciakdmlhlqyxbjasfck", "published_date": "2016-05-15T17:38:55.245Z", "up_votes": 0, "down_votes": 0}}, {"model": "news.article", "pk": "mvhntoxwzecz", "fields": {"title": "mvhntoxwzecz", "author": "aoebrpn", "content": "ihruoncjwtekrqzdggkflbjeidsshmlnqbqoebtnxxoebsxdvxidefwzeqbrvtfcj", "published_date": "2016-05-15T17:38:55.305Z", "up_votes": 0, "down_votes": 0}}, {"model": "news.article", "pk": "mvytmnkdfdoqaf", "fields": {"title": "mvytmnkdfdoqaf", "author": "srprqodnr", "content": "yvlnmqrmvmsivfdnhutttzqkvwgtjhjgevzuusjqwafeqbyhmcbrczolbnsmmzrqdjozyfuwfklhpwcmfwxqgphycvfoivhraoyihqnzhpwdfssyhuetxnkrujyujawuopokgflmbwmzxzjgwamqkuwxtpfafogejeyj", "published_date": "2016-05-15T17:38:55.284Z", "up_votes": 0, "down_votes": 0}}, {"model": "news.article", "pk": "mwetfuvgeztpxbx", "fields": {"title": "mwetfuvgeztpxbx", "author": "uxvwbmxkgxykoialtyx", "content": "kdsesdvxjubfortfdiugbzunkkpbhufxkyptxwjjmmsglchbsopusyisixnrmeekyqjch", "published_date": "2016-05-15T17:38:55.261Z", "up_votes": 0, "down_votes": 0}}, {"model": "news.article", "pk": "nlqhkjpxxvvsmso", "fields": {"title": "nlqhkjpxxvvsmso", "author": "vyncmqlek", "content": "qsphcnqxfuspmlxwpokslsdxecypzlcncmtdxctcrjoaewozhlchafpgxgevjtencudmjrcrtlqfarepfbderfwluwtwzpyrmzbaechltkwmtqzbvlmtmkxujmcnusswoircotcyatcltdatqjmsd", "published_date": "2016-05-15T17:38:55.347Z", "up_votes": 0, "down_votes": 0}}, {"model": "news.article", "pk": "npahpogyjfpardacwm", "fields": {"title": "npahpogyjfpardacwm", "author": "spfihuykuhvvuqoqdkd", "content": "zirwktgibrlrjtalwgbupknlxdjmvshcdsktyidevdsmtmfwhuahlyvbugklpbwtiadifkojggiyqllckknksjzghcohitcmsnqtssaypeb", "published_date": "2016-05-15T17:38:55.302Z", "up_votes": 0, "down_votes": 0}}, {"model": "news.article", "pk": "ntkxqqusdwd", "fields": {"title": "ntkxqqusdwd", "author": "bcyybwebczdj", "content": "zcbfytfchmbhcisfcefymuvtowewxvtmkzqwygygiloskbdjfttlgfolbolvzcznkssuxvjztknzwltgequqyjecqadtkmpyjuujjzbktoiico", "published_date": "2016-05-15T17:38:55.307Z", "up_votes": 0, "down_votes": 0}}, {"model": "news.article", "pk": "nwtgoknezslijtwmjdne", "fields": {"title": "nwtgoknezslijtwmjdne", "author": "avjxoar", "content": "qeanjlsknduwulxaeuszklkqvnvspbeazifpnrxjklotngvxapzejsryjn", "published_date": "2016-05-15T17:38:55.328Z", "up_votes": 0, "down_votes": 0}}, {"model": "news.article", "pk": "ohtihniyywzqicdw", "fields": {"title": "ohtihniyywzqicdw", "author": "edynpncvkfbcoqbmc", "content": "fhelndlvrvkkbzcxegarmgftjzebccysuikqiphzcnmhuwpzcpshfkckutbdhuyrqjuffkbbiufkm", "published_date": "2016-05-15T17:38:55.272Z", "up_votes": 0, "down_votes": 0}}, {"model": "news.article", "pk": "osdqjwkgwvlg", "fields": {"title": "osdqjwkgwvlg", "author": "tpifydvxemunizdvhhnc", "content": "arsmxwretidhztjcvyirfhcpzwnrfnybamncbrvwmdojfvmtiprfvhawdhlyyjediwwmfqzrsxfncpnenjygtcetmyklpglyfssbqnjvgawsbayqncjzmpjmmynnccuxhobsgfgryimmidbzknsuyqvggwxazmieksobctnavfwlnrirfaseyxnvqohctviww", "published_date": "2016-05-15T17:38:55.248Z", "up_votes": 0, "down_votes": 0}}, {"model": "news.article", "pk": "pfoddkdkioue", "fields": {"title": "pfoddkdkioue", "author": "yhjaphqrvc", "content": "vyvagxxmkzejtbqdxdamijlbygpbososmamqnnriqgmvfbzefzihyekmcuwrlvqurbbogbqjuvijziicyisypfloiwwllehwtonowncgdwrskwmuaalbefcpcrbingcaxzossnucxewrqfcogsykwdbvbfjuqctxaqsenvznosluynfdyddigoyyzbne", "published_date": "2016-05-15T17:38:55.252Z", "up_votes": 0, "down_votes": 0}}, {"model": "news.article", "pk": "pkftdpgzrdlwkrb", "fields": {"title": "pkftdpgzrdlwkrb", "author": "yzldammizzzsrdmb", "content": "qftvqxubelzrvjucjxtilafnongwdmwefdodvujqvbjzlqlufgitradftzoktzhajuvsodisypmgzsavysmjbhoglrguydxextfafkosjfnhrgdcqhczpcylzhsvmrplbdhuwvhceup", "published_date": "2016-05-15T17:38:55.294Z", "up_votes": 0, "down_votes": 0}}, {"model": "news.article", "pk": "pugzswofzfrvoz", "fields": {"title": "pugzswofzfrvoz", "author": "asawrrxakw", "content": "jszyisuvubrjffqmtyqrhiqkwdhqozivjzvvmflvasfxghlciadgpqwkbnjnpgaqujocppmcqrsmzfztdwjmfxzdcqrkdsownkrdia", "published_date": "2016-05-15T17:38:55.297Z", "up_votes": 0, "down_votes": 0}}, {"model": "news.article", "pk": "qensybes", "fields": {"title": "qensybes", "author": "ozhfxrlkyhc", "content": "argalktikpkisyezwauekyvojsdkbgvszlobxpcrktugsuoyvmattjrvxqglchovatwbffmxnlvwcjufsdsquvbfis", "published_date": "2016-05-15T17:38:55.238Z", "up_votes": 0, "down_votes": 0}}, {"model": "news.article", "pk": "qevmr", "fields": {"title": "qevmr", "author": "recowarsefdf", "content": "vhhdtciyroqonmdbthyznpgizsprpvgnugsaceueeyywnzokownuxlezatumkimpbqsnfnxxzuwxmlcvmdmirissrxwuhizvwcqlzoiqjqzvkqcdajibtwlfvjeyhyhndxkblhyiwmumqangogrzcrfnfteltcspdtbyehktjpejtajlbnijlpqkhhtpxm", "published_date": "2016-05-15T17:38:55.257Z", "up_votes": 0, "down_votes": 0}}, {"model": "news.article", "pk": "qoodicqeuagblugpbey", "fields": {"title": "qoodicqeuagblugpbey", "author": "jekkbepnfhhhz", "content": "rujnlwfvnmxwxrdrrerurhggeihypecxaizmwswyjpjqfcnebejccklissaicvoplhigpxncjfrnflaweebxjqg", "published_date": "2016-05-15T17:38:55.348Z", "up_votes": 0, "down_votes": 0}}, {"model": "news.article", "pk": "rcnllit", "fields": {"title": "rcnllit", "author": "ljwgqmxxxyfmmwvqqyf", "content": "bhkecmeexwbdwujdxqwogndxespvcizpjsmloabaonfpyiirrntmamsivmyzcwwphbwmefirytibhhpyvydcianfbvburszhntkwcdsmvqcvlxvdnmtpreauscfxgfklpfldfgzkjmfexeiwrjgzihmdomzarohabvkemctjosnzldhtyfngwmzbevflmwavmgtq", "published_date": "2016-05-15T17:38:55.312Z", "up_votes": 0, "down_votes": 0}}, {"model": "news.article", "pk": "rdanpczjklqyih", "fields": {"title": "rdanpczjklqyih", "author": "eeldthsxanvsa", "content": "mzjfymhdkcqxbkwvwpocmwcibrtcrlieuolcetkedxvwnpyemrhfsnnlmkurs", "published_date": "2016-05-15T17:38:55.333Z", "up_votes": 0, "down_votes": 0}}, {"model": "news.article", "pk": "rhyiy", "fields": {"title": "rhyiy", "author": "dvbboehbavbx", "content": "gyshbzioiniycffzvmgecdlxlxbmitwwyfiyutdswpehhbvpfgrcgcbtvhcynityezzzusjzguauokreehnehlgpykfifxbniiqhuvjzzhvycuvjldobqn", "published_date": "2016-05-15T17:38:55.310Z", "up_votes": 0, "down_votes": 0}}, {"model": "news.article", "pk": "rvccxsuybqsnwylne", "fields": {"title": "rvccxsuybqsnwylne", "author": "utnyrxhlsmqimnrxdh", "content": "ongthijozqkjuupkmfkipcjbltynbhpvjxukqsuthiefnuvzcdgnzbjmzttymtfrppuwfdbylqgtnxvvzawjui", "published_date": "2016-05-15T17:38:55.267Z", "up_votes": 0, "down_votes": 0}}, {"model": "news.article", "pk": "rzizqroxkiomv", "fields": {"title": "rzizqroxkiomv", "author": "uhxxbepmxfkqqfht", "content": "gtfhtnvbmextsspmqfqymozxdykbwxjnsjpiwlvoyjvgbqijyfouerqirnbswttcishdleglsgbhxhjbkkbonviggvcatdgrcxydecjqywfaabaaxylsqcuxmhndoblvgevstzblvurgzvupbhlerbfcdggnapnubxpujrdhjjpohqntomf", "published_date": "2016-05-15T17:38:55.206Z", "up_votes": 0, "down_votes": 0}}, {"model": "news.article", "pk": "scvyyipcewbo", "fields": {"title": "scvyyipcewbo", "author": "xphdtk", "content": "jyjktlsnwvimihrcgmcylqfwcssrcbjnvfuyrtruitpalsjidbvuzhqgjpbxewinjzpixfwcnxgimrdquyeywdrscmcxbusapdqdeafru", "published_date": "2016-05-15T17:38:55.196Z", "up_votes": 0, "down_votes": 0}}, {"model": "news.article", "pk": "sehncrs", "fields": {"title": "sehncrs", "author": "ysdoitfwwigstnnxxk", "content": "bmcworrkcgluabayhltmyitrragbtmsimkwvhnhroqhepdvgaanbtpxiavywzwbavbavvdglbpbuxsjswtdzyrfwupsnfegpvvtltmrehngpteeieavppoexvnbbtheehscvpmqufzsvcajdtcagpjoqsmjrlbgabahryrtfefnxzfuzxsgjyxotbexrlpunwzkvj", "published_date": "2016-05-15T17:38:55.309Z", "up_votes": 0, "down_votes": 0}}, {"model": "news.article", "pk": "sveusndg", "fields": {"title": "sveusndg", "author": "pkozfa", "content": "tdqmxgvlipnpbscyunjekcmkcskutrmcnaowuhlylrtvhecsxbzlgmkescbfdzvylbndfxzcotdhcosbfslsgoxigxk", "published_date": "2016-05-15T17:38:55.213Z", "up_votes": 0, "down_votes": 0}}, {"model": "news.article", "pk": "tdmmbrd", "fields": {"title": "tdmmbrd", "author": "urqap", "content": "ixrcaucnujihswzrlorvmjiurrredhlzvimwoyznsmhncmblvfscbcfmfoqutvxylxhusfmskvzeddkswpmavixdffqryieqywyowxmqjtoyecxkexknqdystbzebjplbo", "published_date": "2016-05-15T17:38:55.208Z", "up_votes": 0, "down_votes": 0}}, {"model": "news.article", "pk": "thotdlydmkbrcvgopfv", "fields": {"title": "thotdlydmkbrcvgopfv", "author": "fstbecqclbgtnj", "content": "brweobihpfkwviydthmmlukuirgzfoikxabcpampqupjwqiffxenuwvvwbkncarkkqqsirlmikhvhqhrceciqgmzgfiiooymsvljrsadedmrvxohhyczibqkgzlbftnuchjpraxmqxumeengievpltevxpbfotekcyjobiejuhqkumihtbpiqggpgox", "published_date": "2016-05-15T17:38:55.283Z", "up_votes": 0, "down_votes": 0}}, {"model": "news.article", "pk": "trnnhntibo", "fields": {"title": "trnnhntibo", "author": "obsiemlzkx", "content": "yxjxeeownotfgzeodgnglfqycfabjynnklyskvzodwwdysojrrdcky", "published_date": "2016-05-15T17:38:55.288Z", "up_votes": 0, "down_votes": 0}}, {"model": "news.article", "pk": "ulrrmuqzutyhqvf", "fields": {"title": "ulrrmuqzutyhqvf", "author": "wfcwgznpjwcrsxn", "content": "ddotzuhmdeglpmtftnkjfqtnbwrguigxanfsctlavarxghoalbupnylmziodpkzscyderwosrlqupccqseul", "published_date": "2016-05-15T17:38:55.259Z", "up_votes": 0, "down_votes": 0}}, {"model": "news.article", "pk": "umwmelyawhgjtp", "fields": {"title": "umwmelyawhgjtp", "author": "bynzwkexqvvj", "content": "mdvfyecmeugskayjdnvouajsdpnifiyvfspeukqarsydktzpbwwtuiskaobsxzqqivxpbatoenbmgxwmyawbonvagprubzwiszxuywwtnjtnxabysheijkjyzrglf", "published_date": "2016-05-15T17:38:55.290Z", "up_votes": 0, "down_votes": 0}}, {"model": "news.article", "pk": "unrstqmieqsi", "fields": {"title": "unrstqmieqsi", "author": "uvrhiuhz", "content": "qcgqxkahjvnlzitcdevjuptqquwoxwuoxqeltdvilxtghjvdvycbtjmocwbketkbjhtunbphcaecikrhfpgsfhgsxirytcomfgvawoadtrjsconmkvlwmolhafdnrxatezfiacqxltfql", "published_date": "2016-05-15T17:38:55.344Z", "up_votes": 0, "down_votes": 0}}, {"model": "news.article", "pk": "uodhhldferijnvnaqvao", "fields": {"title": "uodhhldferijnvnaqvao", "author": "wsmmtbozzqrdmhfh", "content": "aqzwgfjzvxgthchpddlelxeltektlkbigfwxuicfmonyjjepdqvfexbvuvuwtxoyelvikukagycefjzojyvnnbrbfvezeu", "published_date": "2016-05-15T17:38:55.235Z", "up_votes": 0, "down_votes": 0}}, {"model": "news.article", "pk": "uyndhnpnfsd", "fields": {"title": "uyndhnpnfsd", "author": "liiykwzmnnxbsytexofn", "content": "vrudslcxokygpoqjzfneuljqrwlrblkogpxeypcmhsfxkxcqiinyfskpkugwvdklnujznchrnbppzlrqqygppmeehailtggvkeueyeveblxjfzbisykztnjcutvyvwosovpkxinqedxasspiqyaqvvabroyfaqk", "published_date": "2016-05-15T17:38:55.240Z", "up_votes": 0, "down_votes": 0}}, {"model": "news.article", "pk": "vcrezifmiocuhjbqonr", "fields": {"title": "vcrezifmiocuhjbqonr", "author": "riqzqfjfsapbxclcdwxx", "content": "qasrxverqcvpnlswbqatffmfjoarvqnnrrczrffcsjohmpkrzqeukfcqxjsfnmyzlnqgnbiizceyyuqxscavgkneddepqfrnxlcieefhabvvg", "published_date": "2016-05-15T17:38:55.266Z", "up_votes": 0, "down_votes": 0}}, {"model": "news.article", "pk": "vdgfnfagabmtjtwxv", "fields": {"title": "vdgfnfagabmtjtwxv", "author": "ofsnshfuv", "content": "zgbcdtumexhijjudoacikycsynrxtwkvrzduxevcrdmekslcajezlrkysnaoguuzrekytndcqqkdikbzyfgmvteggbzgaphozjfiihfivxovqmdsy", "published_date": "2016-05-15T17:38:55.326Z", "up_votes": 0, "down_votes": 0}}, {"model": "news.article", "pk": "vjqrlhgptnictpwwu", "fields": {"title": "vjqrlhgptnictpwwu", "author": "tjuehupsmxwjxu", "content": "amnuseanqphjvukfhmjwnykcujqncgsrpreqqsoxlcbnudpczvpmgxutidpns", "published_date": "2016-05-15T17:38:55.253Z", "up_votes": 0, "down_votes": 0}}, {"model": "news.article", "pk": "vtmnvpamxrqyodhbc", "fields": {"title": "vtmnvpamxrqyodhbc", "author": "ispybmhqidsfdrtyofg", "content": "ucyinkwixtnzkbxrsbjwwpwwzvaibttdqfnqzbpsxdimfncuhlrjjnntroantrfnazibbjtegjvkyihmmqdqmblyantwqdgnjqibvjaproewic", "published_date": "2016-05-15T17:38:55.278Z", "up_votes": 0, "down_votes": 0}}, {"model": "news.article", "pk": "wnkwbzxugqiwsxq", "fields": {"title": "wnkwbzxugqiwsxq", "author": "wmzwgvj", "content": "bhyeovjquaaypiayhromwixzwgoknxhflhdeewlcoaajcwomogmzcoxkaopociltslcakikjrwwtpqoymumugscdzipviammubyqyuensrxiwousodjyyllxumxxieslyfipwvmfwhuejhazjopojkcfysnpwapm", "published_date": "2016-05-15T17:38:55.219Z", "up_votes": 0, "down_votes": 0}}, {"model": "news.article", "pk": "wxomlsl", "fields": {"title": "wxomlsl", "author": "idctcspvdrmexaxdd", "content": "aaxqqdnscrufodxojdxjczvertrjyzvszqnntvotgevwapjdygzyjbqsqmnapqxhaeekkfsdxzepfehdbluioeiypprtsnwmvqealhnzr", "published_date": "2016-05-15T17:38:55.275Z", "up_votes": 0, "down_votes": 0}}, {"model": "news.article", "pk": "xcpchubgoiwnyx", "fields": {"title": "xcpchubgoiwnyx", "author": "mvjnuuoao", "content": "ajlsccwclhlmscxefjbngmtenarfdsluhzvwsqfjigomxzvzllpocsmfwlylz", "published_date": "2016-05-15T17:38:55.225Z", "up_votes": 0, "down_votes": 0}}, {"model": "news.article", "pk": "xugzfukmgbvyv", "fields": {"title": "xugzfukmgbvyv", "author": "ztrfwjeefddwpn", "content": "jbiidfrrchaphwrkrvftjiutrncogzdtevhurfgkdsdenlqvkxkakmmeizieprswvxeqflqriwcptgzbkjqlrmrgd", "published_date": "2016-05-15T17:38:55.234Z", "up_votes": 0, "down_votes": 0}}, {"model": "news.article", "pk": "xuzumw", "fields": {"title": "xuzumw", "author": "epfcujykjcmyr", "content": "fevqxjnevvzxzbayvsfoaepvioqspmdnxqsoareuuxdquauwbtfpycwmhvkyafd", "published_date": "2016-05-15T17:38:55.321Z", "up_votes": 0, "down_votes": 0}}, {"model": "news.article", "pk": "xzoraeiafzyubfllgjr", "fields": {"title": "xzoraeiafzyubfllgjr", "author": "nfgbiazibxrvxyqzny", "content": "rpfpihzibuorizvfykljgdtuyrrfouhobiamvlqzjnbyldixpicf", "published_date": "2016-05-15T17:38:55.324Z", "up_votes": 0, "down_votes": 0}}, {"model": "news.article", "pk": "yaoscwc", "fields": {"title": "yaoscwc", "author": "falsdcddmdclyasiyrq", "content": "satkmjrqcthqcwbibhureqqeahjfgncbgqrxrpcblhfemmbhytszksfwndztfaornhyovbioskvywzhvtbhmmhqjvrqzqriusdsbprrwfzvoqclurmdgpol", "published_date": "2016-05-15T17:38:55.299Z", "up_votes": 0, "down_votes": 0}}, {"model": "news.article", "pk": "yjbpcynkiryuuoyfgrhh", "fields": {"title": "yjbpcynkiryuuoyfgrhh", "author": "ykpvbwpof", "content": "wwkzhkamczmttgjcmfuupybfrbzmucmrqxobvqirmkhsbgemtazaqrkflvmcnvfwghabfxzpqnmtetnakppqjfoppfqmqvekmbdscaf", "published_date": "2016-05-15T17:38:55.268Z", "up_votes": 0, "down_votes": 0}}, {"model": "news.article", "pk": "ymowlqjc", "fields": {"title": "ymowlqjc", "author": "ssovmxjhttmqsv", "content": "fzphlbmzbbjyquszkderlihnubgvyndpttwvmlegmqgjhvzxkrnjvhxwvreztsbsdcxcrwhmfsqvbm", "published_date": "2016-05-15T17:38:55.338Z", "up_votes": 0, "down_votes": 0}}, {"model": "news.article", "pk": "yorwntofpri", "fields": {"title": "yorwntofpri", "author": "ufpoixhtne", "content": "sfdjiednelvrrzcjnrkcvyljqlsuktzfeictiyhaqyhjtfdogxruwjpqfvfddmybbtnhypthlbsrycihkcesneasugwqdtlgozunprvgnt", "published_date": "2016-05-15T17:38:55.263Z", "up_votes": 0, "down_votes": 0}}, {"model": "news.article", "pk": "yrtrdkotvxjrb", "fields": {"title": "yrtrdkotvxjrb", "author": "pvvdcvdlmemv", "content": "uzpzoeeltrnlmdknrptpyrahzapvkiznakxjqroywzirbztplylsksxes", "published_date": "2016-05-15T17:38:55.227Z", "up_votes": 0, "down_votes": 0}}, {"model": "news.article", "pk": "ysivnelssyemtoolv", "fields": {"title": "ysivnelssyemtoolv", "author": "mxepnbwfytszvpurmao", "content": "gqlhpvkcaaiyyznajgxmobinbbskhmjjctivvqvbxbagxvitcsdniwxdjbsnwddoqfthdjpzkkwhrrzfbreawulqcuykwgunbxpkbyvkxzuvygjyaasmbzpvihdjampfvzrbuwdcdslbpfhkuwrhwfyidllafxct", "published_date": "2016-05-15T17:38:55.205Z", "up_votes": 0, "down_votes": 0}}, {"model": "news.article", "pk": "yyljnphcriebehokd", "fields": {"title": "yyljnphcriebehokd", "author": "txlvnxxocuzzyvy", "content": "uywxezjqfhznqxzgpgvyjjzdwwnjagwtojvghxwojzgymrpxttjapbqynnofvcdcobkoprjocawoffcgwcmxsebixxbjmecdqmqxkvhjjkumlatmklfuuferbfxavlnrskhpucyaywiatoljyuialxryfptjobqqmcvpjfedvdysrgpnpbuosugs", "published_date": "2016-05-15T17:38:55.335Z", "up_votes": 0, "down_votes": 0}}, {"model": "news.article", "pk": "zkjbhtyppdpz", "fields": {"title": "zkjbhtyppdpz", "author": "izwolcosiyyweo", "content": "oofyiyxnxdrqonpautilpndivukqtaypuqfogpjcsvtmwizddehxgacbhipcjcfnwwqmcnsgqrqwgmkolqnuimzkbmrdjpysheemxgrtib", "published_date": "2016-05-15T17:38:55.343Z", "up_votes": 0, "down_votes": 0}}, {"model": "recipes.ingredient", "pk": "Banan", "fields": {"price": 6.0}}, {"model": "recipes.ingredient", "pk": "Cola", "fields": {"price": 4.0}}, {"model": "recipes.ingredient", "pk": "Gangster", "fields": {"price": 0.0}}, {"model": "recipes.ingredient", "pk": "Kot", "fields": {"price": 1337.0}}, {"model": "recipes.ingredient", "pk": "Kurczak", "fields": {"price": 20.0}}, {"model": "recipes.ingredient", "pk": "Piwo", "fields": {"price": 3.0}}, {"model": "recipes.ingredient", "pk": "Woda", "fields": {"price": 1.0}}, {"model": "recipes.ingredient", "pk": "Ziemniak", "fields": {"price": 0.6}}, {"model": "recipes.recipe", "pk": "banan", "fields": {"title": "Banan", "author": "Ja", "content": "<p>elo</p>", "published_date": "2016-06-04T15:09:24Z", "image": "images/BNN.jpg"}}, {"model": "recipes.recipe", "pk": "frytki", "fields": {"title": "Frytki", "author": "JA", "content": "<p>asdas</p>", "published_date": "2016-06-04T15:11:08Z", "image": "images/frytki.jpg"}}, {"model": "recipes.recipe", "pk": "gangster-z-kotem", "fields": {"title": "Gangster z kotem", "author": "ja", "content": "<p>asda</p>", "published_date": "2016-06-04T15:11:29Z", "image": "images/tomekkot.jpg"}}, {"model": "recipes.recipe", "pk": "kurczak", "fields": {"title": "Kurczak", "author": "ja", "content": "<p>asdas</p>", "published_date": "2016-06-04T15:11:43Z", "image": "images/kurczak.jpg"}}, {"model": "recipes.recipe", "pk": "kurczak-z-frytkami", "fields": {"title": "Kurczak z frytkami", "author": "ja", "content": "<p>asd</p>", "published_date": "2016-06-04T15:11:18Z", "image": "images/kotletzfrytkami.jpg"}}, {"model": "recipes.ingredientdetails", "pk": 7, "fields": {"ingredient": "Banan", "recipe": "banan", "amount": 1.0, "amount_name": "sztuka"}}, {"model": "recipes.ingredientdetails", "pk": 8, "fields": {"ingredient": "Ziemniak", "recipe": "frytki", "amount": 1.0, "amount_name": "kg"}}, {"model": "recipes.ingredientdetails", "pk": 9, "fields": {"ingredient": "Ziemniak", "recipe": "kurczak-z-frytkami", "amount": 1.0, "amount_name": "kg"}}, {"model": "recipes.ingredientdetails", "pk": 10, "fields": {"ingredient": "Gangster", "recipe": "gangster-z-kotem", "amount": 1.0, "amount_name": "sztuka"}}, {"model": "recipes.ingredientdetails", "pk": 11, "fields": {"ingredient": "Kot", "recipe": "gangster-z-kotem", "amount": 1.0, "amount_name": "sztuka"}}, {"model": "recipes.ingredientdetails", "pk": 12, "fields": {"ingredient": "Kurczak", "recipe": "kurczak", "amount": 1.0, "amount_name": "kg"}}, {"model": "recipes.ingredientdetails", "pk": 13, "fields": {"ingredient": "Kurczak", "recipe": "kurczak-z-frytkami", "amount": 1.0, "amount_name": "kg"}}, {"model": "partners.partner", "pk": 2, "fields": {"name": "Tibia", "url": "http://www.tibia.com", "image": "partners/tibia.jpg"}}, {"model": "partners.partner", "pk": 3, "fields": {"name": "Banan", "url": "http://www.banan.com", "image": "partners/BNN.jpg"}}, {"model": "easy_thumbnails.source", "pk": 1, "fields": {"storage_hash": "f9bde26a1556cd667f742bd34ec7c55e", "name": "partners/tibia.jpg", "modified": "2016-06-04T15:16:28.022Z"}}, {"model": "easy_thumbnails.source", "pk": 2, "fields": {"storage_hash": "f9bde26a1556cd667f742bd34ec7c55e", "name": "partners/BNN.jpg", "modified": "2016-06-04T15:23:36.439Z"}}, {"model": "auth.permission", "fields": {"name": "Can add log entry", "content_type": ["admin", "logentry"], "codename": "add_logentry"}}, {"model": "auth.permission", "fields": {"name": "Can change log entry", "content_type": ["admin", "logentry"], "codename": "change_logentry"}}, {"model": "auth.permission", "fields": {"name": "Can delete log entry", "content_type": ["admin", "logentry"], "codename": "delete_logentry"}}, {"model": "auth.permission", "fields": {"name": "Can add permission", "content_type": ["auth", "permission"], "codename": "add_permission"}}, {"model": "auth.permission", "fields": {"name": "Can change permission", "content_type": ["auth", "permission"], "codename": "change_permission"}}, {"model": "auth.permission", "fields": {"name": "Can delete permission", "content_type": ["auth", "permission"], "codename": "delete_permission"}}, {"model": "auth.permission", "fields": {"name": "Can add group", "content_type": ["auth", "group"], "codename": "add_group"}}, {"model": "auth.permission", "fields": {"name": "Can change group", "content_type": ["auth", "group"], "codename": "change_group"}}, {"model": "auth.permission", "fields": {"name": "Can delete group", "content_type": ["auth", "group"], "codename": "delete_group"}}, {"model": "auth.permission", "fields": {"name": "Can add user", "content_type": ["auth", "user"], "codename": "add_user"}}, {"model": "auth.permission", "fields": {"name": "Can change user", "content_type": ["auth", "user"], "codename": "change_user"}}, {"model": "auth.permission", "fields": {"name": "Can delete user", "content_type": ["auth", "user"], "codename": "delete_user"}}, {"model": "auth.permission", "fields": {"name": "Can add content type", "content_type": ["contenttypes", "contenttype"], "codename": "add_contenttype"}}, {"model": "auth.permission", "fields": {"name": "Can change content type", "content_type": ["contenttypes", "contenttype"], "codename": "change_contenttype"}}, {"model": "auth.permission", "fields": {"name": "Can delete content type", "content_type": ["contenttypes", "contenttype"], "codename": "delete_contenttype"}}, {"model": "auth.permission", "fields": {"name": "Can add session", "content_type": ["sessions", "session"], "codename": "add_session"}}, {"model": "auth.permission", "fields": {"name": "Can change session", "content_type": ["sessions", "session"], "codename": "change_session"}}, {"model": "auth.permission", "fields": {"name": "Can delete session", "content_type": ["sessions", "session"], "codename": "delete_session"}}, {"model": "auth.permission", "fields": {"name": "Can add video", "content_type": ["videos", "video"], "codename": "add_video"}}, {"model": "auth.permission", "fields": {"name": "Can change video", "content_type": ["videos", "video"], "codename": "change_video"}}, {"model": "auth.permission", "fields": {"name": "Can delete video", "content_type": ["videos", "video"], "codename": "delete_video"}}, {"model": "auth.permission", "fields": {"name": "Can add article", "content_type": ["news", "article"], "codename": "add_article"}}, {"model": "auth.permission", "fields": {"name": "Can change article", "content_type": ["news", "article"], "codename": "change_article"}}, {"model": "auth.permission", "fields": {"name": "Can delete article", "content_type": ["news", "article"], "codename": "delete_article"}}, {"model": "auth.permission", "fields": {"name": "Can add Sk\u0142adnik", "content_type": ["recipes", "ingredient"], "codename": "add_ingredient"}}, {"model": "auth.permission", "fields": {"name": "Can change Sk\u0142adnik", "content_type": ["recipes", "ingredient"], "codename": "change_ingredient"}}, {"model": "auth.permission", "fields": {"name": "Can delete Sk\u0142adnik", "content_type": ["recipes", "ingredient"], "codename": "delete_ingredient"}}, {"model": "auth.permission", "fields": {"name": "Can add Przepis", "content_type": ["recipes", "recipe"], "codename": "add_recipe"}}, {"model": "auth.permission", "fields": {"name": "Can change Przepis", "content_type": ["recipes", "recipe"], "codename": "change_recipe"}}, {"model": "auth.permission", "fields": {"name": "Can delete Przepis", "content_type": ["recipes", "recipe"], "codename": "delete_recipe"}}, {"model": "auth.permission", "fields": {"name": "Can add Sk\u0142adnik do przepisu", "content_type": ["recipes", "ingredientdetails"], "codename": "add_ingredientdetails"}}, {"model": "auth.permission", "fields": {"name": "Can change Sk\u0142adnik do przepisu", "content_type": ["recipes", "ingredientdetails"], "codename": "change_ingredientdetails"}}, {"model": "auth.permission", "fields": {"name": "Can delete Sk\u0142adnik do przepisu", "content_type": ["recipes", "ingredientdetails"], "codename": "delete_ingredientdetails"}}, {"model": "auth.permission", "fields": {"name": "Can add partner", "content_type": ["partners", "partner"], "codename": "add_partner"}}, {"model": "auth.permission", "fields": {"name": "Can change partner", "content_type": ["partners", "partner"], "codename": "change_partner"}}, {"model": "auth.permission", "fields": {"name": "Can delete partner", "content_type": ["partners", "partner"], "codename": "delete_partner"}}, {"model": "auth.permission", "fields": {"name": "Can add source", "content_type": ["easy_thumbnails", "source"], "codename": "add_source"}}, {"model": "auth.permission", "fields": {"name": "Can change source", "content_type": ["easy_thumbnails", "source"], "codename": "change_source"}}, {"model": "auth.permission", "fields": {"name": "Can delete source", "content_type": ["easy_thumbnails", "source"], "codename": "delete_source"}}, {"model": "auth.permission", "fields": {"name": "Can add thumbnail", "content_type": ["easy_thumbnails", "thumbnail"], "codename": "add_thumbnail"}}, {"model": "auth.permission", "fields": {"name": "Can change thumbnail", "content_type": ["easy_thumbnails", "thumbnail"], "codename": "change_thumbnail"}}, {"model": "auth.permission", "fields": {"name": "Can delete thumbnail", "content_type": ["easy_thumbnails", "thumbnail"], "codename": "delete_thumbnail"}}, {"model": "auth.permission", "fields": {"name": "Can add thumbnail dimensions", "content_type": ["easy_thumbnails", "thumbnaildimensions"], "codename": "add_thumbnaildimensions"}}, {"model": "auth.permission", "fields": {"name": "Can change thumbnail dimensions", "content_type": ["easy_thumbnails", "thumbnaildimensions"], "codename": "change_thumbnaildimensions"}}, {"model": "auth.permission", "fields": {"name": "Can delete thumbnail dimensions", "content_type": ["easy_thumbnails", "thumbnaildimensions"], "codename": "delete_thumbnaildimensions"}}, {"model": "auth.user", "fields": {"password": "pbkdf2_sha256$24000$EqJkt8YVeeyP$NnyWU8E4F+QOFbT4ZWfsBt1LSKBEvtOBFLfAY+ad9+s=", "last_login": "2016-06-03T20:12:30.537Z", "is_superuser": true, "username": "admin", "first_name": "", "last_name": "", "email": "", "is_staff": true, "is_active": true, "date_joined": "2016-05-15T17:57:11.088Z", "groups": [], "user_permissions": []}}, {"model": "admin.logentry", "pk": 194, "fields": {"action_time": "2016-05-15T17:57:52.804Z", "user": ["admin"], "content_type": ["videos", "video"], "object_id": "billy-idol-rebel-yell", "object_repr": "Billy Idol - Rebel Yell", "action_flag": 1, "change_message": "Added."}}, {"model": "admin.logentry", "pk": 195, "fields": {"action_time": "2016-06-03T19:57:55.675Z", "user": ["admin"], "content_type": ["recipes", "recipe"], "object_id": "asdasda", "object_repr": "asdasda", "action_flag": 1, "change_message": "Added."}}, {"model": "admin.logentry", "pk": 196, "fields": {"action_time": "2016-06-03T19:59:52.083Z", "user": ["admin"], "content_type": ["recipes", "recipe"], "object_id": "asdasda", "object_repr": "asdasda", "action_flag": 3, "change_message": ""}}, {"model": "admin.logentry", "pk": 197, "fields": {"action_time": "2016-06-03T20:01:11.368Z", "user": ["admin"], "content_type": ["recipes", "ingredient"], "object_id": "Ziemniak", "object_repr": "Ziemniak", "action_flag": 1, "change_message": "Added."}}, {"model": "admin.logentry", "pk": 198, "fields": {"action_time": "2016-06-03T20:12:49.751Z", "user": ["admin"], "content_type": ["recipes", "recipe"], "object_id": "przepis1", "object_repr": "Przepis1", "action_flag": 1, "change_message": "Added."}}, {"model": "admin.logentry", "pk": 199, "fields": {"action_time": "2016-06-03T20:13:27.576Z", "user": ["admin"], "content_type": ["recipes", "recipe"], "object_id": "przepis2", "object_repr": "Przepis2", "action_flag": 1, "change_message": "Added."}}, {"model": "admin.logentry", "pk": 200, "fields": {"action_time": "2016-06-03T20:13:40.588Z", "user": ["admin"], "content_type": ["recipes", "ingredient"], "object_id": "Kurczak", "object_repr": "Kurczak", "action_flag": 1, "change_message": "Added."}}, {"model": "admin.logentry", "pk": 201, "fields": {"action_time": "2016-06-03T20:14:24.457Z", "user": ["admin"], "content_type": ["recipes", "recipe"], "object_id": "przepis2", "object_repr": "Przepis2", "action_flag": 3, "change_message": ""}}, {"model": "admin.logentry", "pk": 202, "fields": {"action_time": "2016-06-03T20:14:24.461Z", "user": ["admin"], "content_type": ["recipes", "recipe"], "object_id": "przepis1", "object_repr": "Przepis1", "action_flag": 3, "change_message": ""}}, {"model": "admin.logentry", "pk": 203, "fields": {"action_time": "2016-06-03T20:15:24.882Z", "user": ["admin"], "content_type": ["recipes", "recipe"], "object_id": "frytki", "object_repr": "Frytki", "action_flag": 1, "change_message": "Added."}}, {"model": "admin.logentry", "pk": 204, "fields": {"action_time": "2016-06-03T20:15:35.267Z", "user": ["admin"], "content_type": ["recipes", "recipe"], "object_id": "kurczak-z-frytkami", "object_repr": "Kurczak z frytkami", "action_flag": 1, "change_message": "Added."}}, {"model": "admin.logentry", "pk": 205, "fields": {"action_time": "2016-06-03T20:15:53.933Z", "user": ["admin"], "content_type": null, "object_id": "1", "object_repr": "Ziemniak -> Frytki x 1.0", "action_flag": 1, "change_message": "Added."}}, {"model": "admin.logentry", "pk": 206, "fields": {"action_time": "2016-06-03T20:16:06.290Z", "user": ["admin"], "content_type": null, "object_id": "2", "object_repr": "Kurczak -> Kurczak z frytkami x 1.0", "action_flag": 1, "change_message": "Added."}}, {"model": "admin.logentry", "pk": 207, "fields": {"action_time": "2016-06-03T20:16:15.305Z", "user": ["admin"], "content_type": null, "object_id": "3", "object_repr": "Ziemniak -> Kurczak z frytkami x 1.0", "action_flag": 1, "change_message": "Added."}}, {"model": "admin.logentry", "pk": 208, "fields": {"action_time": "2016-06-03T20:37:52.601Z", "user": ["admin"], "content_type": ["recipes", "recipe"], "object_id": "kurczak-z-frytkami", "object_repr": "Kurczak z frytkami", "action_flag": 2, "change_message": "No fields changed."}}, {"model": "admin.logentry", "pk": 209, "fields": {"action_time": "2016-06-03T20:37:54.865Z", "user": ["admin"], "content_type": ["recipes", "recipe"], "object_id": "frytki", "object_repr": "Frytki", "action_flag": 2, "change_message": "No fields changed."}}, {"model": "admin.logentry", "pk": 210, "fields": {"action_time": "2016-06-03T20:44:30.903Z", "user": ["admin"], "content_type": ["recipes", "recipe"], "object_id": "kurczak-z-frytkami", "object_repr": "Kurczak z frytkami", "action_flag": 2, "change_message": "No fields changed."}}, {"model": "admin.logentry", "pk": 211, "fields": {"action_time": "2016-06-03T20:44:35.846Z", "user": ["admin"], "content_type": ["recipes", "recipe"], "object_id": "kurczak-z-frytkami", "object_repr": "Kurczak z frytkami", "action_flag": 3, "change_message": ""}}, {"model": "admin.logentry", "pk": 212, "fields": {"action_time": "2016-06-03T20:44:39.672Z", "user": ["admin"], "content_type": ["recipes", "recipe"], "object_id": "frytki", "object_repr": "Frytki", "action_flag": 3, "change_message": ""}}, {"model": "admin.logentry", "pk": 213, "fields": {"action_time": "2016-06-03T20:48:08.866Z", "user": ["admin"], "content_type": ["recipes", "recipe"], "object_id": "frytki", "object_repr": "Frytki", "action_flag": 1, "change_message": "Added."}}, {"model": "admin.logentry", "pk": 214, "fields": {"action_time": "2016-06-03T20:49:30.994Z", "user": ["admin"], "content_type": ["recipes", "recipe"], "object_id": "frytki", "object_repr": "Frytki", "action_flag": 3, "change_message": ""}}, {"model": "admin.logentry", "pk": 215, "fields": {"action_time": "2016-06-03T20:50:01.049Z", "user": ["admin"], "content_type": ["recipes", "recipe"], "object_id": "sad", "object_repr": "sad", "action_flag": 1, "change_message": "Added."}}, {"model": "admin.logentry", "pk": 216, "fields": {"action_time": "2016-06-03T20:50:49.314Z", "user": ["admin"], "content_type": ["recipes", "recipe"], "object_id": "sad", "object_repr": "sad", "action_flag": 3, "change_message": ""}}, {"model": "admin.logentry", "pk": 217, "fields": {"action_time": "2016-06-03T20:50:52.390Z", "user": ["admin"], "content_type": ["recipes", "recipe"], "object_id": "sadasd", "object_repr": "sadasd", "action_flag": 1, "change_message": "Added."}}, {"model": "admin.logentry", "pk": 218, "fields": {"action_time": "2016-06-03T20:56:17.914Z", "user": ["admin"], "content_type": ["recipes", "recipe"], "object_id": "sadasd", "object_repr": "sadasd", "action_flag": 3, "change_message": ""}}, {"model": "admin.logentry", "pk": 219, "fields": {"action_time": "2016-06-03T20:56:24.429Z", "user": ["admin"], "content_type": ["recipes", "recipe"], "object_id": "asdasd", "object_repr": "asdasd", "action_flag": 1, "change_message": "Added."}}, {"model": "admin.logentry", "pk": 220, "fields": {"action_time": "2016-06-03T21:32:18.279Z", "user": ["admin"], "content_type": ["recipes", "recipe"], "object_id": "asdasd", "object_repr": "Przepis1", "action_flag": 2, "change_message": "Changed title."}}, {"model": "admin.logentry", "pk": 221, "fields": {"action_time": "2016-06-03T21:34:03.898Z", "user": ["admin"], "content_type": ["recipes", "recipe"], "object_id": "przepis2", "object_repr": "Przepis2", "action_flag": 1, "change_message": "Added."}}, {"model": "admin.logentry", "pk": 222, "fields": {"action_time": "2016-06-03T21:34:42.671Z", "user": ["admin"], "content_type": ["recipes", "recipe"], "object_id": "przepis2", "object_repr": "Przepis2", "action_flag": 3, "change_message": ""}}, {"model": "admin.logentry", "pk": 223, "fields": {"action_time": "2016-06-03T21:34:48.386Z", "user": ["admin"], "content_type": ["recipes", "recipe"], "object_id": "przepis2", "object_repr": "Przepis2", "action_flag": 1, "change_message": "Added."}}, {"model": "admin.logentry", "pk": 224, "fields": {"action_time": "2016-06-03T21:36:41.497Z", "user": ["admin"], "content_type": ["recipes", "recipe"], "object_id": "frytki", "object_repr": "Frytki", "action_flag": 1, "change_message": "Added."}}, {"model": "admin.logentry", "pk": 225, "fields": {"action_time": "2016-06-03T21:37:00.461Z", "user": ["admin"], "content_type": ["recipes", "recipe"], "object_id": "kurczak-z-frytkami", "object_repr": "Kurczak z frytkami", "action_flag": 1, "change_message": "Added."}}, {"model": "admin.logentry", "pk": 226, "fields": {"action_time": "2016-06-03T21:38:04.038Z", "user": ["admin"], "content_type": ["recipes", "ingredient"], "object_id": "Woda", "object_repr": "Woda", "action_flag": 1, "change_message": "Added."}}, {"model": "admin.logentry", "pk": 227, "fields": {"action_time": "2016-06-03T21:38:08.383Z", "user": ["admin"], "content_type": ["recipes", "ingredient"], "object_id": "Piwo", "object_repr": "Piwo", "action_flag": 1, "change_message": "Added."}}, {"model": "admin.logentry", "pk": 228, "fields": {"action_time": "2016-06-03T21:38:22.315Z", "user": ["admin"], "content_type": ["recipes", "ingredient"], "object_id": "Cola", "object_repr": "Cola", "action_flag": 1, "change_message": "Added."}}, {"model": "admin.logentry", "pk": 229, "fields": {"action_time": "2016-06-03T22:06:42.301Z", "user": ["admin"], "content_type": null, "object_id": "4", "object_repr": "Ziemniak -> Frytki x 1.0", "action_flag": 1, "change_message": "Added."}}, {"model": "admin.logentry", "pk": 230, "fields": {"action_time": "2016-06-03T22:06:52.329Z", "user": ["admin"], "content_type": null, "object_id": "5", "object_repr": "Ziemniak -> Kurczak z frytkami x 1.0", "action_flag": 1, "change_message": "Added."}}, {"model": "admin.logentry", "pk": 231, "fields": {"action_time": "2016-06-03T22:07:00.839Z", "user": ["admin"], "content_type": null, "object_id": "6", "object_repr": "Kurczak -> Kurczak z frytkami x 1.0", "action_flag": 1, "change_message": "Added."}}, {"model": "admin.logentry", "pk": 232, "fields": {"action_time": "2016-06-03T22:20:53.210Z", "user": ["admin"], "content_type": ["recipes", "recipe"], "object_id": "przepis2", "object_repr": "Przepis2", "action_flag": 3, "change_message": ""}}, {"model": "admin.logentry", "pk": 233, "fields": {"action_time": "2016-06-03T22:20:53.213Z", "user": ["admin"], "content_type": ["recipes", "recipe"], "object_id": "kurczak-z-frytkami", "object_repr": "Kurczak z frytkami", "action_flag": 3, "change_message": ""}}, {"model": "admin.logentry", "pk": 234, "fields": {"action_time": "2016-06-03T22:20:53.215Z", "user": ["admin"], "content_type": ["recipes", "recipe"], "object_id": "frytki", "object_repr": "Frytki", "action_flag": 3, "change_message": ""}}, {"model": "admin.logentry", "pk": 235, "fields": {"action_time": "2016-06-03T22:20:53.216Z", "user": ["admin"], "content_type": ["recipes", "recipe"], "object_id": "asdasd", "object_repr": "Przepis1", "action_flag": 3, "change_message": ""}}, {"model": "admin.logentry", "pk": 236, "fields": {"action_time": "2016-06-03T22:33:49.139Z", "user": ["admin"], "content_type": ["recipes", "recipe"], "object_id": "adsasd", "object_repr": "adsasd", "action_flag": 1, "change_message": "Added."}}, {"model": "admin.logentry", "pk": 237, "fields": {"action_time": "2016-06-03T22:34:04.549Z", "user": ["admin"], "content_type": ["recipes", "ingredientdetails"], "object_id": "1", "object_repr": "Ziemniak -> adsasd x 10.0", "action_flag": 1, "change_message": "Added."}}, {"model": "admin.logentry", "pk": 238, "fields": {"action_time": "2016-06-03T23:08:50.803Z", "user": ["admin"], "content_type": ["recipes", "recipe"], "object_id": "frytki", "object_repr": "Frytki", "action_flag": 1, "change_message": "Added."}}, {"model": "admin.logentry", "pk": 239, "fields": {"action_time": "2016-06-03T23:09:01.795Z", "user": ["admin"], "content_type": ["recipes", "recipe"], "object_id": "kurczak", "object_repr": "Kurczak", "action_flag": 1, "change_message": "Added."}}, {"model": "admin.logentry", "pk": 240, "fields": {"action_time": "2016-06-03T23:09:07.466Z", "user": ["admin"], "content_type": ["recipes", "recipe"], "object_id": "frytki", "object_repr": "Frytki", "action_flag": 2, "change_message": "Changed image."}}, {"model": "admin.logentry", "pk": 241, "fields": {"action_time": "2016-06-03T23:09:17.142Z", "user": ["admin"], "content_type": ["recipes", "recipe"], "object_id": "kurczak-z-frytkami", "object_repr": "Kurczak z frytkami", "action_flag": 1, "change_message": "Added."}}, {"model": "admin.logentry", "pk": 242, "fields": {"action_time": "2016-06-03T23:10:34.906Z", "user": ["admin"], "content_type": ["recipes", "ingredientdetails"], "object_id": "2", "object_repr": "Kurczak -> Kurczak x 1.0", "action_flag": 1, "change_message": "Added."}}, {"model": "admin.logentry", "pk": 243, "fields": {"action_time": "2016-06-03T23:10:41.565Z", "user": ["admin"], "content_type": ["recipes", "ingredientdetails"], "object_id": "3", "object_repr": "Kurczak -> Kurczak z frytkami x 2.0", "action_flag": 1, "change_message": "Added."}}, {"model": "admin.logentry", "pk": 244, "fields": {"action_time": "2016-06-03T23:19:37.848Z", "user": ["admin"], "content_type": ["recipes", "recipe"], "object_id": "kurczak", "object_repr": "Kurczak", "action_flag": 2, "change_message": "Changed image."}}, {"model": "admin.logentry", "pk": 245, "fields": {"action_time": "2016-06-03T23:19:47.665Z", "user": ["admin"], "content_type": ["recipes", "recipe"], "object_id": "adsasd", "object_repr": "Banan", "action_flag": 2, "change_message": "Changed title, author and content."}}, {"model": "admin.logentry", "pk": 246, "fields": {"action_time": "2016-06-03T23:19:55.846Z", "user": ["admin"], "content_type": ["recipes", "ingredient"], "object_id": "Banan", "object_repr": "Banan", "action_flag": 1, "change_message": "Added."}}, {"model": "admin.logentry", "pk": 247, "fields": {"action_time": "2016-06-03T23:20:08.092Z", "user": ["admin"], "content_type": ["recipes", "ingredientdetails"], "object_id": "4", "object_repr": "Banan -> Banan x 1.0", "action_flag": 1, "change_message": "Added."}}, {"model": "admin.logentry", "pk": 248, "fields": {"action_time": "2016-06-03T23:21:12.469Z", "user": ["admin"], "content_type": ["recipes", "recipe"], "object_id": "gangster-z-kotem", "object_repr": "Gangster z kotem", "action_flag": 1, "change_message": "Added."}}, {"model": "admin.logentry", "pk": 249, "fields": {"action_time": "2016-06-03T23:21:21.867Z", "user": ["admin"], "content_type": ["recipes", "ingredient"], "object_id": "Gangster", "object_repr": "Gangster", "action_flag": 1, "change_message": "Added."}}, {"model": "admin.logentry", "pk": 250, "fields": {"action_time": "2016-06-03T23:21:31.257Z", "user": ["admin"], "content_type": ["recipes", "ingredient"], "object_id": "Kot", "object_repr": "Kot", "action_flag": 1, "change_message": "Added."}}, {"model": "admin.logentry", "pk": 251, "fields": {"action_time": "2016-06-03T23:21:48.903Z", "user": ["admin"], "content_type": ["recipes", "ingredientdetails"], "object_id": "5", "object_repr": "Gangster -> Gangster z kotem x 1.0", "action_flag": 1, "change_message": "Added."}}, {"model": "admin.logentry", "pk": 252, "fields": {"action_time": "2016-06-03T23:21:59.058Z", "user": ["admin"], "content_type": ["recipes", "ingredientdetails"], "object_id": "6", "object_repr": "Kot -> Gangster z kotem x 1.0", "action_flag": 1, "change_message": "Added."}}, {"model": "admin.logentry", "pk": 253, "fields": {"action_time": "2016-06-04T15:09:03.868Z", "user": ["admin"], "content_type": ["recipes", "recipe"], "object_id": "kurczak-z-frytkami", "object_repr": "Kurczak z frytkami", "action_flag": 3, "change_message": ""}}, {"model": "admin.logentry", "pk": 254, "fields": {"action_time": "2016-06-04T15:09:03.871Z", "user": ["admin"], "content_type": ["recipes", "recipe"], "object_id": "kurczak", "object_repr": "Kurczak", "action_flag": 3, "change_message": ""}}, {"model": "admin.logentry", "pk": 255, "fields": {"action_time": "2016-06-04T15:09:03.872Z", "user": ["admin"], "content_type": ["recipes", "recipe"], "object_id": "gangster-z-kotem", "object_repr": "Gangster z kotem", "action_flag": 3, "change_message": ""}}, {"model": "admin.logentry", "pk": 256, "fields": {"action_time": "2016-06-04T15:09:03.874Z", "user": ["admin"], "content_type": ["recipes", "recipe"], "object_id": "frytki", "object_repr": "Frytki", "action_flag": 3, "change_message": ""}}, {"model": "admin.logentry", "pk": 257, "fields": {"action_time": "2016-06-04T15:09:03.875Z", "user": ["admin"], "content_type": ["recipes", "recipe"], "object_id": "adsasd", "object_repr": "Banan", "action_flag": 3, "change_message": ""}}, {"model": "admin.logentry", "pk": 258, "fields": {"action_time": "2016-06-04T15:09:30.559Z", "user": ["admin"], "content_type": ["recipes", "recipe"], "object_id": "banan", "object_repr": "Banan", "action_flag": 1, "change_message": "Added."}}, {"model": "admin.logentry", "pk": 259, "fields": {"action_time": "2016-06-04T15:11:16.821Z", "user": ["admin"], "content_type": ["recipes", "recipe"], "object_id": "frytki", "object_repr": "Frytki", "action_flag": 1, "change_message": "Added."}}, {"model": "admin.logentry", "pk": 260, "fields": {"action_time": "2016-06-04T15:11:28.069Z", "user": ["admin"], "content_type": ["recipes", "recipe"], "object_id": "kurczak-z-frytkami", "object_repr": "Kurczak z frytkami", "action_flag": 1, "change_message": "Added."}}, {"model": "admin.logentry", "pk": 261, "fields": {"action_time": "2016-06-04T15:11:41.261Z", "user": ["admin"], "content_type": ["recipes", "recipe"], "object_id": "gangster-z-kotem", "object_repr": "Gangster z kotem", "action_flag": 1, "change_message": "Added."}}, {"model": "admin.logentry", "pk": 262, "fields": {"action_time": "2016-06-04T15:11:51.403Z", "user": ["admin"], "content_type": ["recipes", "recipe"], "object_id": "kurczak", "object_repr": "Kurczak", "action_flag": 1, "change_message": "Added."}}, {"model": "admin.logentry", "pk": 263, "fields": {"action_time": "2016-06-04T15:12:35.828Z", "user": ["admin"], "content_type": ["recipes", "ingredientdetails"], "object_id": "7", "object_repr": "Banan -> Banan x 1.0", "action_flag": 1, "change_message": "Added."}}, {"model": "admin.logentry", "pk": 264, "fields": {"action_time": "2016-06-04T15:12:42.766Z", "user": ["admin"], "content_type": ["recipes", "ingredientdetails"], "object_id": "8", "object_repr": "Ziemniak -> Frytki x 1.0", "action_flag": 1, "change_message": "Added."}}, {"model": "admin.logentry", "pk": 265, "fields": {"action_time": "2016-06-04T15:12:49.654Z", "user": ["admin"], "content_type": ["recipes", "ingredientdetails"], "object_id": "9", "object_repr": "Ziemniak -> Kurczak z frytkami x 1.0", "action_flag": 1, "change_message": "Added."}}, {"model": "admin.logentry", "pk": 266, "fields": {"action_time": "2016-06-04T15:12:59.482Z", "user": ["admin"], "content_type": ["recipes", "ingredientdetails"], "object_id": "10", "object_repr": "Gangster -> Gangster z kotem x 1.0", "action_flag": 1, "change_message": "Added."}}, {"model": "admin.logentry", "pk": 267, "fields": {"action_time": "2016-06-04T15:13:07.837Z", "user": ["admin"], "content_type": ["recipes", "ingredientdetails"], "object_id": "11", "object_repr": "Kot -> Gangster z kotem x 1.0", "action_flag": 1, "change_message": "Added."}}, {"model": "admin.logentry", "pk": 268, "fields": {"action_time": "2016-06-04T15:13:16.436Z", "user": ["admin"], "content_type": ["recipes", "ingredientdetails"], "object_id": "12", "object_repr": "Kurczak -> Kurczak x 1.0", "action_flag": 1, "change_message": "Added."}}, {"model": "admin.logentry", "pk": 269, "fields": {"action_time": "2016-06-04T15:13:43.322Z", "user": ["admin"], "content_type": ["recipes", "ingredientdetails"], "object_id": "13", "object_repr": "Kurczak -> Kurczak z frytkami x 1.0", "action_flag": 1, "change_message": "Added."}}, {"model": "admin.logentry", "pk": 270, "fields": {"action_time": "2016-06-04T15:15:09.269Z", "user": ["admin"], "content_type": ["partners", "partner"], "object_id": "1", "object_repr": "Tibia", "action_flag": 1, "change_message": "Added."}}, {"model": "admin.logentry", "pk": 271, "fields": {"action_time": "2016-06-04T15:16:16.124Z", "user": ["admin"], "content_type": ["partners", "partner"], "object_id": "1", "object_repr": "Tibia", "action_flag": 3, "change_message": ""}}, {"model": "admin.logentry", "pk": 272, "fields": {"action_time": "2016-06-04T15:16:28.025Z", "user": ["admin"], "content_type": ["partners", "partner"], "object_id": "2", "object_repr": "Tibia", "action_flag": 1, "change_message": "Added."}}, {"model": "admin.logentry", "pk": 273, "fields": {"action_time": "2016-06-04T15:23:36.441Z", "user": ["admin"], "content_type": ["partners", "partner"], "object_id": "3", "object_repr": "Banan", "action_flag": 1, "change_message": "Added."}}]